Unique_id,Lexicalization,wh-type,Verb,Length,Matrix,Emb_subj,Wh1,Emb_verb,Emb2_subj,Wh2,Emb2_verb,Emb2_object,sentence
101011,1,adj,说,short,老师想知道,学生,为什么,说,保安,,打了,快递员,老师想知道学生为什么说保安打了快递员。
101012,1,adj,说,long,老师想知道,学生,,说,修理工,为什么,打了,快递员,老师想知道学生说修理工为什么打了快递员。
101021,1,adj,觉得,short,老师想知道,学生,为什么,觉得,修理工,,打了,快递员,老师想知道学生为什么觉得修理工打了快递员。
101022,1,adj,觉得,long,老师想知道,学生,,觉得,修理工,为什么,打了,快递员,老师想知道学生觉得修理工为什么打了快递员。
101031,1,adj,希望,short,老师想知道,学生,为什么,希望,修理工,,打了,快递员,老师想知道学生为什么希望修理工打了快递员。
101032,1,adj,希望,long,老师想知道,学生,,希望,修理工,为什么,打了,快递员,老师想知道学生希望修理工为什么打了快递员。
101041,1,adj,说明,short,老师想知道,学生,为什么,说明,修理工,,打了,快递员,老师想知道学生为什么说明修理工打了快递员。
101042,1,adj,说明,long,老师想知道,学生,,说明,修理工,为什么,打了,快递员,老师想知道学生说明修理工为什么打了快递员。
101051,1,adj,想,short,老师想知道,学生,为什么,想,修理工,,打了,快递员,老师想知道学生为什么想修理工打了快递员。
101052,1,adj,想,long,老师想知道,学生,,想,修理工,为什么,打了,快递员,老师想知道学生想修理工为什么打了快递员。
101061,1,adj,怕,short,老师想知道,学生,为什么,怕,修理工,,打了,快递员,老师想知道学生为什么怕修理工打了快递员。
101062,1,adj,怕,long,老师想知道,学生,,怕,修理工,为什么,打了,快递员,老师想知道学生怕修理工为什么打了快递员。
101071,1,adj,喜欢,short,老师想知道,学生,为什么,喜欢,修理工,,打了,快递员,老师想知道学生为什么喜欢修理工打了快递员。
101072,1,adj,喜欢,long,老师想知道,学生,,喜欢,修理工,为什么,打了,快递员,老师想知道学生喜欢修理工为什么打了快递员。
101081,1,adj,记得,short,老师想知道,学生,为什么,记得,修理工,,打了,快递员,老师想知道学生为什么记得修理工打了快递员。
101082,1,adj,记得,long,老师想知道,学生,,记得,修理工,为什么,打了,快递员,老师想知道学生记得修理工为什么打了快递员。
101091,1,adj,猜,short,老师想知道,学生,为什么,猜,修理工,,打了,快递员,老师想知道学生为什么猜修理工打了快递员。
101092,1,adj,猜,long,老师想知道,学生,,猜,修理工,为什么,打了,快递员,老师想知道学生猜修理工为什么打了快递员。
101101,1,adj,假装,short,老师想知道,学生,为什么,假装,修理工,,打了,快递员,老师想知道学生为什么假装修理工打了快递员。
101102,1,adj,假装,long,老师想知道,学生,,假装,修理工,为什么,打了,快递员,老师想知道学生假装修理工为什么打了快递员。
101111,1,adj,害怕,short,老师想知道,学生,为什么,害怕,修理工,,打了,快递员,老师想知道学生为什么害怕修理工打了快递员。
101112,1,adj,害怕,long,老师想知道,学生,,害怕,修理工,为什么,打了,快递员,老师想知道学生害怕修理工为什么打了快递员。
101121,1,adj,感觉,short,老师想知道,学生,为什么,感觉,修理工,,打了,快递员,老师想知道学生为什么感觉修理工打了快递员。
101122,1,adj,感觉,long,老师想知道,学生,,感觉,修理工,为什么,打了,快递员,老师想知道学生感觉修理工为什么打了快递员。
101131,1,adj,认为,short,老师想知道,学生,为什么,认为,修理工,,打了,快递员,老师想知道学生为什么认为修理工打了快递员。
101132,1,adj,认为,long,老师想知道,学生,,认为,修理工,为什么,打了,快递员,老师想知道学生认为修理工为什么打了快递员。
101141,1,adj,写,short,老师想知道,学生,为什么,写,修理工,,打了,快递员,老师想知道学生为什么写修理工打了快递员。
101142,1,adj,写,long,老师想知道,学生,,写,修理工,为什么,打了,快递员,老师想知道学生写修理工为什么打了快递员。
102011,2,adj,说,short,法官想知道,律师,为什么,说,警察,,审问了,学生,法官想知道律师为什么说警察审问了学生。
102012,2,adj,说,long,法官想知道,律师,,说,警察,为什么,审问了,学生,法官想知道律师说警察为什么审问了学生。
102021,2,adj,觉得,short,法官想知道,律师,为什么,觉得,警察,,审问了,学生,法官想知道律师为什么觉得警察审问了学生。
102022,2,adj,觉得,long,法官想知道,律师,,觉得,警察,为什么,审问了,学生,法官想知道律师觉得警察为什么审问了学生。
102031,2,adj,希望,short,法官想知道,律师,为什么,希望,警察,,审问了,学生,法官想知道律师为什么希望警察审问了学生。
102032,2,adj,希望,long,法官想知道,律师,,希望,警察,为什么,审问了,学生,法官想知道律师希望警察为什么审问了学生。
102041,2,adj,说明,short,法官想知道,律师,为什么,说明,警察,,审问了,学生,法官想知道律师为什么说明警察审问了学生。
102042,2,adj,说明,long,法官想知道,律师,,说明,警察,为什么,审问了,学生,法官想知道律师说明警察为什么审问了学生。
102051,2,adj,想,short,法官想知道,律师,为什么,想,警察,,审问了,学生,法官想知道律师为什么想警察审问了学生。
102052,2,adj,想,long,法官想知道,律师,,想,警察,为什么,审问了,学生,法官想知道律师想警察为什么审问了学生。
102061,2,adj,怕,short,法官想知道,律师,为什么,怕,警察,,审问了,学生,法官想知道律师为什么怕警察审问了学生。
102062,2,adj,怕,long,法官想知道,律师,,怕,警察,为什么,审问了,学生,法官想知道律师怕警察为什么审问了学生。
102071,2,adj,喜欢,short,法官想知道,律师,为什么,喜欢,警察,,审问了,学生,法官想知道律师为什么喜欢警察审问了学生。
102072,2,adj,喜欢,long,法官想知道,律师,,喜欢,警察,为什么,审问了,学生,法官想知道律师喜欢警察为什么审问了学生。
102081,2,adj,记得,short,法官想知道,律师,为什么,记得,警察,,审问了,学生,法官想知道律师为什么记得警察审问了学生。
102082,2,adj,记得,long,法官想知道,律师,,记得,警察,为什么,审问了,学生,法官想知道律师记得警察为什么审问了学生。
102091,2,adj,猜,short,法官想知道,律师,为什么,猜,警察,,审问了,学生,法官想知道律师为什么猜警察审问了学生。
102092,2,adj,猜,long,法官想知道,律师,,猜,警察,为什么,审问了,学生,法官想知道律师猜警察为什么审问了学生。
102101,2,adj,假装,short,法官想知道,律师,为什么,假装,警察,,审问了,学生,法官想知道律师为什么假装警察审问了学生。
102102,2,adj,假装,long,法官想知道,律师,,假装,警察,为什么,审问了,学生,法官想知道律师假装警察为什么审问了学生。
102111,2,adj,害怕,short,法官想知道,律师,为什么,害怕,警察,,审问了,学生,法官想知道律师为什么害怕警察审问了学生。
102112,2,adj,害怕,long,法官想知道,律师,,害怕,警察,为什么,审问了,学生,法官想知道律师害怕警察为什么审问了学生。
102121,2,adj,感觉,short,法官想知道,律师,为什么,感觉,警察,,审问了,学生,法官想知道律师为什么感觉警察审问了学生。
102122,2,adj,感觉,long,法官想知道,律师,,感觉,警察,为什么,审问了,学生,法官想知道律师感觉警察为什么审问了学生。
102131,2,adj,认为,short,法官想知道,律师,为什么,认为,警察,,审问了,学生,法官想知道律师为什么认为警察审问了学生。
102132,2,adj,认为,long,法官想知道,律师,,认为,警察,为什么,审问了,学生,法官想知道律师认为警察为什么审问了学生。
102141,2,adj,写,short,法官想知道,律师,为什么,写,警察,,审问了,学生,法官想知道律师为什么写警察审问了学生。
102142,2,adj,写,long,法官想知道,律师,,写,警察,为什么,审问了,学生,法官想知道律师写警察为什么审问了学生。
103011,3,adj,说,short,经理想知道,厨师,为什么,说,服务员,,接待了,乞丐,经理想知道厨师为什么说服务员接待了乞丐。
103012,3,adj,说,long,经理想知道,厨师,,说,服务员,为什么,接待了,乞丐,经理想知道厨师说服务员为什么接待了乞丐。
103021,3,adj,觉得,short,经理想知道,厨师,为什么,觉得,服务员,,接待了,乞丐,经理想知道厨师为什么觉得服务员接待了乞丐。
103022,3,adj,觉得,long,经理想知道,厨师,,觉得,服务员,为什么,接待了,乞丐,经理想知道厨师觉得服务员为什么接待了乞丐。
103031,3,adj,希望,short,经理想知道,厨师,为什么,希望,服务员,,接待了,乞丐,经理想知道厨师为什么希望服务员接待了乞丐。
103032,3,adj,希望,long,经理想知道,厨师,,希望,服务员,为什么,接待了,乞丐,经理想知道厨师希望服务员为什么接待了乞丐。
103041,3,adj,说明,short,经理想知道,厨师,为什么,说明,服务员,,接待了,乞丐,经理想知道厨师为什么说明服务员接待了乞丐。
103042,3,adj,说明,long,经理想知道,厨师,,说明,服务员,为什么,接待了,乞丐,经理想知道厨师说明服务员为什么接待了乞丐。
103051,3,adj,想,short,经理想知道,厨师,为什么,想,服务员,,接待了,乞丐,经理想知道厨师为什么想服务员接待了乞丐。
103052,3,adj,想,long,经理想知道,厨师,,想,服务员,为什么,接待了,乞丐,经理想知道厨师想服务员为什么接待了乞丐。
103061,3,adj,怕,short,经理想知道,厨师,为什么,怕,服务员,,接待了,乞丐,经理想知道厨师为什么怕服务员接待了乞丐。
103062,3,adj,怕,long,经理想知道,厨师,,怕,服务员,为什么,接待了,乞丐,经理想知道厨师怕服务员为什么接待了乞丐。
103071,3,adj,喜欢,short,经理想知道,厨师,为什么,喜欢,服务员,,接待了,乞丐,经理想知道厨师为什么喜欢服务员接待了乞丐。
103072,3,adj,喜欢,long,经理想知道,厨师,,喜欢,服务员,为什么,接待了,乞丐,经理想知道厨师喜欢服务员为什么接待了乞丐。
103081,3,adj,记得,short,经理想知道,厨师,为什么,记得,服务员,,接待了,乞丐,经理想知道厨师为什么记得服务员接待了乞丐。
103082,3,adj,记得,long,经理想知道,厨师,,记得,服务员,为什么,接待了,乞丐,经理想知道厨师记得服务员为什么接待了乞丐。
103091,3,adj,猜,short,经理想知道,厨师,为什么,猜,服务员,,接待了,乞丐,经理想知道厨师为什么猜服务员接待了乞丐。
103092,3,adj,猜,long,经理想知道,厨师,,猜,服务员,为什么,接待了,乞丐,经理想知道厨师猜服务员为什么接待了乞丐。
103101,3,adj,假装,short,经理想知道,厨师,为什么,假装,服务员,,接待了,乞丐,经理想知道厨师为什么假装服务员接待了乞丐。
103102,3,adj,假装,long,经理想知道,厨师,,假装,服务员,为什么,接待了,乞丐,经理想知道厨师假装服务员为什么接待了乞丐。
103111,3,adj,害怕,short,经理想知道,厨师,为什么,害怕,服务员,,接待了,乞丐,经理想知道厨师为什么害怕服务员接待了乞丐。
103112,3,adj,害怕,long,经理想知道,厨师,,害怕,服务员,为什么,接待了,乞丐,经理想知道厨师害怕服务员为什么接待了乞丐。
103121,3,adj,感觉,short,经理想知道,厨师,为什么,感觉,服务员,,接待了,乞丐,经理想知道厨师为什么感觉服务员接待了乞丐。
103122,3,adj,感觉,long,经理想知道,厨师,,感觉,服务员,为什么,接待了,乞丐,经理想知道厨师感觉服务员为什么接待了乞丐。
103131,3,adj,认为,short,经理想知道,厨师,为什么,认为,服务员,,接待了,乞丐,经理想知道厨师为什么认为服务员接待了乞丐。
103132,3,adj,认为,long,经理想知道,厨师,,认为,服务员,为什么,接待了,乞丐,经理想知道厨师认为服务员为什么接待了乞丐。
103141,3,adj,写,short,经理想知道,厨师,为什么,写,服务员,,接待了,乞丐,经理想知道厨师为什么写服务员接待了乞丐。
103142,3,adj,写,long,经理想知道,厨师,,写,服务员,为什么,接待了,乞丐,经理想知道厨师写服务员为什么接待了乞丐。
104011,4,adj,说,short,教授想知道,工程师,为什么,说,秘书,,批评了,运动员,教授想知道工程师为什么说秘书批评了运动员。
104012,4,adj,说,long,教授想知道,工程师,,说,秘书,为什么,批评了,运动员,教授想知道工程师说秘书为什么批评了运动员。
104021,4,adj,觉得,short,教授想知道,工程师,为什么,觉得,秘书,,批评了,运动员,教授想知道工程师为什么觉得秘书批评了运动员。
104022,4,adj,觉得,long,教授想知道,工程师,,觉得,秘书,为什么,批评了,运动员,教授想知道工程师觉得秘书为什么批评了运动员。
104031,4,adj,希望,short,教授想知道,工程师,为什么,希望,秘书,,批评了,运动员,教授想知道工程师为什么希望秘书批评了运动员。
104032,4,adj,希望,long,教授想知道,工程师,,希望,秘书,为什么,批评了,运动员,教授想知道工程师希望秘书为什么批评了运动员。
104041,4,adj,说明,short,教授想知道,工程师,为什么,说明,秘书,,批评了,运动员,教授想知道工程师为什么说明秘书批评了运动员。
104042,4,adj,说明,long,教授想知道,工程师,,说明,秘书,为什么,批评了,运动员,教授想知道工程师说明秘书为什么批评了运动员。
104051,4,adj,想,short,教授想知道,工程师,为什么,想,秘书,,批评了,运动员,教授想知道工程师为什么想秘书批评了运动员。
104052,4,adj,想,long,教授想知道,工程师,,想,秘书,为什么,批评了,运动员,教授想知道工程师想秘书为什么批评了运动员。
104061,4,adj,怕,short,教授想知道,工程师,为什么,怕,秘书,,批评了,运动员,教授想知道工程师为什么怕秘书批评了运动员。
104062,4,adj,怕,long,教授想知道,工程师,,怕,秘书,为什么,批评了,运动员,教授想知道工程师怕秘书为什么批评了运动员。
104071,4,adj,喜欢,short,教授想知道,工程师,为什么,喜欢,秘书,,批评了,运动员,教授想知道工程师为什么喜欢秘书批评了运动员。
104072,4,adj,喜欢,long,教授想知道,工程师,,喜欢,秘书,为什么,批评了,运动员,教授想知道工程师喜欢秘书为什么批评了运动员。
104081,4,adj,记得,short,教授想知道,工程师,为什么,记得,秘书,,批评了,运动员,教授想知道工程师为什么记得秘书批评了运动员。
104082,4,adj,记得,long,教授想知道,工程师,,记得,秘书,为什么,批评了,运动员,教授想知道工程师记得秘书为什么批评了运动员。
104091,4,adj,猜,short,教授想知道,工程师,为什么,猜,秘书,,批评了,运动员,教授想知道工程师为什么猜秘书批评了运动员。
104092,4,adj,猜,long,教授想知道,工程师,,猜,秘书,为什么,批评了,运动员,教授想知道工程师猜秘书为什么批评了运动员。
104101,4,adj,假装,short,教授想知道,工程师,为什么,假装,秘书,,批评了,运动员,教授想知道工程师为什么假装秘书批评了运动员。
104102,4,adj,假装,long,教授想知道,工程师,,假装,秘书,为什么,批评了,运动员,教授想知道工程师假装秘书为什么批评了运动员。
104111,4,adj,害怕,short,教授想知道,工程师,为什么,害怕,秘书,,批评了,运动员,教授想知道工程师为什么害怕秘书批评了运动员。
104112,4,adj,害怕,long,教授想知道,工程师,,害怕,秘书,为什么,批评了,运动员,教授想知道工程师害怕秘书为什么批评了运动员。
104121,4,adj,感觉,short,教授想知道,工程师,为什么,感觉,秘书,,批评了,运动员,教授想知道工程师为什么感觉秘书批评了运动员。
104122,4,adj,感觉,long,教授想知道,工程师,,感觉,秘书,为什么,批评了,运动员,教授想知道工程师感觉秘书为什么批评了运动员。
104131,4,adj,认为,short,教授想知道,工程师,为什么,认为,秘书,,批评了,运动员,教授想知道工程师为什么认为秘书批评了运动员。
104132,4,adj,认为,long,教授想知道,工程师,,认为,秘书,为什么,批评了,运动员,教授想知道工程师认为秘书为什么批评了运动员。
104141,4,adj,写,short,教授想知道,工程师,为什么,写,秘书,,批评了,运动员,教授想知道工程师为什么写秘书批评了运动员。
104142,4,adj,写,long,教授想知道,工程师,,写,秘书,为什么,批评了,运动员,教授想知道工程师写秘书为什么批评了运动员。
105011,5,adj,说,short,市长想知道,议员,为什么,说,艺术家,,联系了,毒枭,市长想知道议员为什么说艺术家联系了毒枭。
105012,5,adj,说,long,市长想知道,议员,,说,艺术家,为什么,联系了,毒枭,市长想知道议员说艺术家为什么联系了毒枭。
105021,5,adj,觉得,short,市长想知道,议员,为什么,觉得,艺术家,,联系了,毒枭,市长想知道议员为什么觉得艺术家联系了毒枭。
105022,5,adj,觉得,long,市长想知道,议员,,觉得,艺术家,为什么,联系了,毒枭,市长想知道议员觉得艺术家为什么联系了毒枭。
105031,5,adj,希望,short,市长想知道,议员,为什么,希望,艺术家,,联系了,毒枭,市长想知道议员为什么希望艺术家联系了毒枭。
105032,5,adj,希望,long,市长想知道,议员,,希望,艺术家,为什么,联系了,毒枭,市长想知道议员希望艺术家为什么联系了毒枭。
105041,5,adj,说明,short,市长想知道,议员,为什么,说明,艺术家,,联系了,毒枭,市长想知道议员为什么说明艺术家联系了毒枭。
105042,5,adj,说明,long,市长想知道,议员,,说明,艺术家,为什么,联系了,毒枭,市长想知道议员说明艺术家为什么联系了毒枭。
105051,5,adj,想,short,市长想知道,议员,为什么,想,艺术家,,联系了,毒枭,市长想知道议员为什么想艺术家联系了毒枭。
105052,5,adj,想,long,市长想知道,议员,,想,艺术家,为什么,联系了,毒枭,市长想知道议员想艺术家为什么联系了毒枭。
105061,5,adj,怕,short,市长想知道,议员,为什么,怕,艺术家,,联系了,毒枭,市长想知道议员为什么怕艺术家联系了毒枭。
105062,5,adj,怕,long,市长想知道,议员,,怕,艺术家,为什么,联系了,毒枭,市长想知道议员怕艺术家为什么联系了毒枭。
105071,5,adj,喜欢,short,市长想知道,议员,为什么,喜欢,艺术家,,联系了,毒枭,市长想知道议员为什么喜欢艺术家联系了毒枭。
105072,5,adj,喜欢,long,市长想知道,议员,,喜欢,艺术家,为什么,联系了,毒枭,市长想知道议员喜欢艺术家为什么联系了毒枭。
105081,5,adj,记得,short,市长想知道,议员,为什么,记得,艺术家,,联系了,毒枭,市长想知道议员为什么记得艺术家联系了毒枭。
105082,5,adj,记得,long,市长想知道,议员,,记得,艺术家,为什么,联系了,毒枭,市长想知道议员记得艺术家为什么联系了毒枭。
105091,5,adj,猜,short,市长想知道,议员,为什么,猜,艺术家,,联系了,毒枭,市长想知道议员为什么猜艺术家联系了毒枭。
105092,5,adj,猜,long,市长想知道,议员,,猜,艺术家,为什么,联系了,毒枭,市长想知道议员猜艺术家为什么联系了毒枭。
105101,5,adj,假装,short,市长想知道,议员,为什么,假装,艺术家,,联系了,毒枭,市长想知道议员为什么假装艺术家联系了毒枭。
105102,5,adj,假装,long,市长想知道,议员,,假装,艺术家,为什么,联系了,毒枭,市长想知道议员假装艺术家为什么联系了毒枭。
105111,5,adj,害怕,short,市长想知道,议员,为什么,害怕,艺术家,,联系了,毒枭,市长想知道议员为什么害怕艺术家联系了毒枭。
105112,5,adj,害怕,long,市长想知道,议员,,害怕,艺术家,为什么,联系了,毒枭,市长想知道议员害怕艺术家为什么联系了毒枭。
105121,5,adj,感觉,short,市长想知道,议员,为什么,感觉,艺术家,,联系了,毒枭,市长想知道议员为什么感觉艺术家联系了毒枭。
105122,5,adj,感觉,long,市长想知道,议员,,感觉,艺术家,为什么,联系了,毒枭,市长想知道议员感觉艺术家为什么联系了毒枭。
105131,5,adj,认为,short,市长想知道,议员,为什么,认为,艺术家,,联系了,毒枭,市长想知道议员为什么认为艺术家联系了毒枭。
105132,5,adj,认为,long,市长想知道,议员,,认为,艺术家,为什么,联系了,毒枭,市长想知道议员认为艺术家为什么联系了毒枭。
105141,5,adj,写,short,市长想知道,议员,为什么,写,艺术家,,联系了,毒枭,市长想知道议员为什么写艺术家联系了毒枭。
105142,5,adj,写,long,市长想知道,议员,,写,艺术家,为什么,联系了,毒枭,市长想知道议员写艺术家为什么联系了毒枭。
106011,6,adj,说,short,检察官想知道,教练员,为什么,说,音乐家,,开除了,保镖,检察官想知道教练员为什么说音乐家开除了保镖。
106012,6,adj,说,long,检察官想知道,教练员,,说,音乐家,为什么,开除了,保镖,检察官想知道教练员说音乐家为什么开除了保镖。
106021,6,adj,觉得,short,检察官想知道,教练员,为什么,觉得,音乐家,,开除了,保镖,检察官想知道教练员为什么觉得音乐家开除了保镖。
106022,6,adj,觉得,long,检察官想知道,教练员,,觉得,音乐家,为什么,开除了,保镖,检察官想知道教练员觉得音乐家为什么开除了保镖。
106031,6,adj,希望,short,检察官想知道,教练员,为什么,希望,音乐家,,开除了,保镖,检察官想知道教练员为什么希望音乐家开除了保镖。
106032,6,adj,希望,long,检察官想知道,教练员,,希望,音乐家,为什么,开除了,保镖,检察官想知道教练员希望音乐家为什么开除了保镖。
106041,6,adj,说明,short,检察官想知道,教练员,为什么,说明,音乐家,,开除了,保镖,检察官想知道教练员为什么说明音乐家开除了保镖。
106042,6,adj,说明,long,检察官想知道,教练员,,说明,音乐家,为什么,开除了,保镖,检察官想知道教练员说明音乐家为什么开除了保镖。
106051,6,adj,想,short,检察官想知道,教练员,为什么,想,音乐家,,开除了,保镖,检察官想知道教练员为什么想音乐家开除了保镖。
106052,6,adj,想,long,检察官想知道,教练员,,想,音乐家,为什么,开除了,保镖,检察官想知道教练员想音乐家为什么开除了保镖。
106061,6,adj,怕,short,检察官想知道,教练员,为什么,怕,音乐家,,开除了,保镖,检察官想知道教练员为什么怕音乐家开除了保镖。
106062,6,adj,怕,long,检察官想知道,教练员,,怕,音乐家,为什么,开除了,保镖,检察官想知道教练员怕音乐家为什么开除了保镖。
106071,6,adj,喜欢,short,检察官想知道,教练员,为什么,喜欢,音乐家,,开除了,保镖,检察官想知道教练员为什么喜欢音乐家开除了保镖。
106072,6,adj,喜欢,long,检察官想知道,教练员,,喜欢,音乐家,为什么,开除了,保镖,检察官想知道教练员喜欢音乐家为什么开除了保镖。
106081,6,adj,记得,short,检察官想知道,教练员,为什么,记得,音乐家,,开除了,保镖,检察官想知道教练员为什么记得音乐家开除了保镖。
106082,6,adj,记得,long,检察官想知道,教练员,,记得,音乐家,为什么,开除了,保镖,检察官想知道教练员记得音乐家为什么开除了保镖。
106091,6,adj,猜,short,检察官想知道,教练员,为什么,猜,音乐家,,开除了,保镖,检察官想知道教练员为什么猜音乐家开除了保镖。
106092,6,adj,猜,long,检察官想知道,教练员,,猜,音乐家,为什么,开除了,保镖,检察官想知道教练员猜音乐家为什么开除了保镖。
106101,6,adj,假装,short,检察官想知道,教练员,为什么,假装,音乐家,,开除了,保镖,检察官想知道教练员为什么假装音乐家开除了保镖。
106102,6,adj,假装,long,检察官想知道,教练员,,假装,音乐家,为什么,开除了,保镖,检察官想知道教练员假装音乐家为什么开除了保镖。
106111,6,adj,害怕,short,检察官想知道,教练员,为什么,害怕,音乐家,,开除了,保镖,检察官想知道教练员为什么害怕音乐家开除了保镖。
106112,6,adj,害怕,long,检察官想知道,教练员,,害怕,音乐家,为什么,开除了,保镖,检察官想知道教练员害怕音乐家为什么开除了保镖。
106121,6,adj,感觉,short,检察官想知道,教练员,为什么,感觉,音乐家,,开除了,保镖,检察官想知道教练员为什么感觉音乐家开除了保镖。
106122,6,adj,感觉,long,检察官想知道,教练员,,感觉,音乐家,为什么,开除了,保镖,检察官想知道教练员感觉音乐家为什么开除了保镖。
106131,6,adj,认为,short,检察官想知道,教练员,为什么,认为,音乐家,,开除了,保镖,检察官想知道教练员为什么认为音乐家开除了保镖。
106132,6,adj,认为,long,检察官想知道,教练员,,认为,音乐家,为什么,开除了,保镖,检察官想知道教练员认为音乐家为什么开除了保镖。
106141,6,adj,写,short,检察官想知道,教练员,为什么,写,音乐家,,开除了,保镖,检察官想知道教练员为什么写音乐家开除了保镖。
106142,6,adj,写,long,检察官想知道,教练员,,写,音乐家,为什么,开除了,保镖,检察官想知道教练员写音乐家为什么开除了保镖。
107011,7,adj,说,short,村长想知道,农民,为什么,说,电工,,无视了,领导,村长想知道农民为什么说电工无视了领导。
107012,7,adj,说,long,村长想知道,农民,,说,电工,为什么,无视了,领导,村长想知道农民说电工为什么无视了领导。
107021,7,adj,觉得,short,村长想知道,农民,为什么,觉得,电工,,无视了,领导,村长想知道农民为什么觉得电工无视了领导。
107022,7,adj,觉得,long,村长想知道,农民,,觉得,电工,为什么,无视了,领导,村长想知道农民觉得电工为什么无视了领导。
107031,7,adj,希望,short,村长想知道,农民,为什么,希望,电工,,无视了,领导,村长想知道农民为什么希望电工无视了领导。
107032,7,adj,希望,long,村长想知道,农民,,希望,电工,为什么,无视了,领导,村长想知道农民希望电工为什么无视了领导。
107041,7,adj,说明,short,村长想知道,农民,为什么,说明,电工,,无视了,领导,村长想知道农民为什么说明电工无视了领导。
107042,7,adj,说明,long,村长想知道,农民,,说明,电工,为什么,无视了,领导,村长想知道农民说明电工为什么无视了领导。
107051,7,adj,想,short,村长想知道,农民,为什么,想,电工,,无视了,领导,村长想知道农民为什么想电工无视了领导。
107052,7,adj,想,long,村长想知道,农民,,想,电工,为什么,无视了,领导,村长想知道农民想电工为什么无视了领导。
107061,7,adj,怕,short,村长想知道,农民,为什么,怕,电工,,无视了,领导,村长想知道农民为什么怕电工无视了领导。
107062,7,adj,怕,long,村长想知道,农民,,怕,电工,为什么,无视了,领导,村长想知道农民怕电工为什么无视了领导。
107071,7,adj,喜欢,short,村长想知道,农民,为什么,喜欢,电工,,无视了,领导,村长想知道农民为什么喜欢电工无视了领导。
107072,7,adj,喜欢,long,村长想知道,农民,,喜欢,电工,为什么,无视了,领导,村长想知道农民喜欢电工为什么无视了领导。
107081,7,adj,记得,short,村长想知道,农民,为什么,记得,电工,,无视了,领导,村长想知道农民为什么记得电工无视了领导。
107082,7,adj,记得,long,村长想知道,农民,,记得,电工,为什么,无视了,领导,村长想知道农民记得电工为什么无视了领导。
107091,7,adj,猜,short,村长想知道,农民,为什么,猜,电工,,无视了,领导,村长想知道农民为什么猜电工无视了领导。
107092,7,adj,猜,long,村长想知道,农民,,猜,电工,为什么,无视了,领导,村长想知道农民猜电工为什么无视了领导。
107101,7,adj,假装,short,村长想知道,农民,为什么,假装,电工,,无视了,领导,村长想知道农民为什么假装电工无视了领导。
107102,7,adj,假装,long,村长想知道,农民,,假装,电工,为什么,无视了,领导,村长想知道农民假装电工为什么无视了领导。
107111,7,adj,害怕,short,村长想知道,农民,为什么,害怕,电工,,无视了,领导,村长想知道农民为什么害怕电工无视了领导。
107112,7,adj,害怕,long,村长想知道,农民,,害怕,电工,为什么,无视了,领导,村长想知道农民害怕电工为什么无视了领导。
107121,7,adj,感觉,short,村长想知道,农民,为什么,感觉,电工,,无视了,领导,村长想知道农民为什么感觉电工无视了领导。
107122,7,adj,感觉,long,村长想知道,农民,,感觉,电工,为什么,无视了,领导,村长想知道农民感觉电工为什么无视了领导。
107131,7,adj,认为,short,村长想知道,农民,为什么,认为,电工,,无视了,领导,村长想知道农民为什么认为电工无视了领导。
107132,7,adj,认为,long,村长想知道,农民,,认为,电工,为什么,无视了,领导,村长想知道农民认为电工为什么无视了领导。
107141,7,adj,写,short,村长想知道,农民,为什么,写,电工,,无视了,领导,村长想知道农民为什么写电工无视了领导。
107142,7,adj,写,long,村长想知道,农民,,写,电工,为什么,无视了,领导,村长想知道农民写电工为什么无视了领导。
108011,8,adj,说,short,侦探想知道,售货员,为什么,说,飞行员,,羞辱了,卡车司机,侦探想知道售货员为什么说飞行员羞辱了卡车司机。
108012,8,adj,说,long,侦探想知道,售货员,,说,飞行员,为什么,羞辱了,卡车司机,侦探想知道售货员说飞行员为什么羞辱了卡车司机。
108021,8,adj,觉得,short,侦探想知道,售货员,为什么,觉得,飞行员,,羞辱了,卡车司机,侦探想知道售货员为什么觉得飞行员羞辱了卡车司机。
108022,8,adj,觉得,long,侦探想知道,售货员,,觉得,飞行员,为什么,羞辱了,卡车司机,侦探想知道售货员觉得飞行员为什么羞辱了卡车司机。
108031,8,adj,希望,short,侦探想知道,售货员,为什么,希望,飞行员,,羞辱了,卡车司机,侦探想知道售货员为什么希望飞行员羞辱了卡车司机。
108032,8,adj,希望,long,侦探想知道,售货员,,希望,飞行员,为什么,羞辱了,卡车司机,侦探想知道售货员希望飞行员为什么羞辱了卡车司机。
108041,8,adj,说明,short,侦探想知道,售货员,为什么,说明,飞行员,,羞辱了,卡车司机,侦探想知道售货员为什么说明飞行员羞辱了卡车司机。
108042,8,adj,说明,long,侦探想知道,售货员,,说明,飞行员,为什么,羞辱了,卡车司机,侦探想知道售货员说明飞行员为什么羞辱了卡车司机。
108051,8,adj,想,short,侦探想知道,售货员,为什么,想,飞行员,,羞辱了,卡车司机,侦探想知道售货员为什么想飞行员羞辱了卡车司机。
108052,8,adj,想,long,侦探想知道,售货员,,想,飞行员,为什么,羞辱了,卡车司机,侦探想知道售货员想飞行员为什么羞辱了卡车司机。
108061,8,adj,怕,short,侦探想知道,售货员,为什么,怕,飞行员,,羞辱了,卡车司机,侦探想知道售货员为什么怕飞行员羞辱了卡车司机。
108062,8,adj,怕,long,侦探想知道,售货员,,怕,飞行员,为什么,羞辱了,卡车司机,侦探想知道售货员怕飞行员为什么羞辱了卡车司机。
108071,8,adj,喜欢,short,侦探想知道,售货员,为什么,喜欢,飞行员,,羞辱了,卡车司机,侦探想知道售货员为什么喜欢飞行员羞辱了卡车司机。
108072,8,adj,喜欢,long,侦探想知道,售货员,,喜欢,飞行员,为什么,羞辱了,卡车司机,侦探想知道售货员喜欢飞行员为什么羞辱了卡车司机。
108081,8,adj,记得,short,侦探想知道,售货员,为什么,记得,飞行员,,羞辱了,卡车司机,侦探想知道售货员为什么记得飞行员羞辱了卡车司机。
108082,8,adj,记得,long,侦探想知道,售货员,,记得,飞行员,为什么,羞辱了,卡车司机,侦探想知道售货员记得飞行员为什么羞辱了卡车司机。
108091,8,adj,猜,short,侦探想知道,售货员,为什么,猜,飞行员,,羞辱了,卡车司机,侦探想知道售货员为什么猜飞行员羞辱了卡车司机。
108092,8,adj,猜,long,侦探想知道,售货员,,猜,飞行员,为什么,羞辱了,卡车司机,侦探想知道售货员猜飞行员为什么羞辱了卡车司机。
108101,8,adj,假装,short,侦探想知道,售货员,为什么,假装,飞行员,,羞辱了,卡车司机,侦探想知道售货员为什么假装飞行员羞辱了卡车司机。
108102,8,adj,假装,long,侦探想知道,售货员,,假装,飞行员,为什么,羞辱了,卡车司机,侦探想知道售货员假装飞行员为什么羞辱了卡车司机。
108111,8,adj,害怕,short,侦探想知道,售货员,为什么,害怕,飞行员,,羞辱了,卡车司机,侦探想知道售货员为什么害怕飞行员羞辱了卡车司机。
108112,8,adj,害怕,long,侦探想知道,售货员,,害怕,飞行员,为什么,羞辱了,卡车司机,侦探想知道售货员害怕飞行员为什么羞辱了卡车司机。
108121,8,adj,感觉,short,侦探想知道,售货员,为什么,感觉,飞行员,,羞辱了,卡车司机,侦探想知道售货员为什么感觉飞行员羞辱了卡车司机。
108122,8,adj,感觉,long,侦探想知道,售货员,,感觉,飞行员,为什么,羞辱了,卡车司机,侦探想知道售货员感觉飞行员为什么羞辱了卡车司机。
108131,8,adj,认为,short,侦探想知道,售货员,为什么,认为,飞行员,,羞辱了,卡车司机,侦探想知道售货员为什么认为飞行员羞辱了卡车司机。
108132,8,adj,认为,long,侦探想知道,售货员,,认为,飞行员,为什么,羞辱了,卡车司机,侦探想知道售货员认为飞行员为什么羞辱了卡车司机。
108141,8,adj,写,short,侦探想知道,售货员,为什么,写,飞行员,,羞辱了,卡车司机,侦探想知道售货员为什么写飞行员羞辱了卡车司机。
108142,8,adj,写,long,侦探想知道,售货员,,写,飞行员,为什么,羞辱了,卡车司机,侦探想知道售货员写飞行员为什么羞辱了卡车司机。
109011,9,adj,说,short,将军想知道,间谍,为什么,说,士兵,,跟踪了,总统,将军想知道间谍为什么说士兵跟踪了总统。
109012,9,adj,说,long,将军想知道,间谍,,说,士兵,为什么,跟踪了,总统,将军想知道间谍说士兵为什么跟踪了总统。
109021,9,adj,觉得,short,将军想知道,间谍,为什么,觉得,士兵,,跟踪了,总统,将军想知道间谍为什么觉得士兵跟踪了总统。
109022,9,adj,觉得,long,将军想知道,间谍,,觉得,士兵,为什么,跟踪了,总统,将军想知道间谍觉得士兵为什么跟踪了总统。
109031,9,adj,希望,short,将军想知道,间谍,为什么,希望,士兵,,跟踪了,总统,将军想知道间谍为什么希望士兵跟踪了总统。
109032,9,adj,希望,long,将军想知道,间谍,,希望,士兵,为什么,跟踪了,总统,将军想知道间谍希望士兵为什么跟踪了总统。
109041,9,adj,说明,short,将军想知道,间谍,为什么,说明,士兵,,跟踪了,总统,将军想知道间谍为什么说明士兵跟踪了总统。
109042,9,adj,说明,long,将军想知道,间谍,,说明,士兵,为什么,跟踪了,总统,将军想知道间谍说明士兵为什么跟踪了总统。
109051,9,adj,想,short,将军想知道,间谍,为什么,想,士兵,,跟踪了,总统,将军想知道间谍为什么想士兵跟踪了总统。
109052,9,adj,想,long,将军想知道,间谍,,想,士兵,为什么,跟踪了,总统,将军想知道间谍想士兵为什么跟踪了总统。
109061,9,adj,怕,short,将军想知道,间谍,为什么,怕,士兵,,跟踪了,总统,将军想知道间谍为什么怕士兵跟踪了总统。
109062,9,adj,怕,long,将军想知道,间谍,,怕,士兵,为什么,跟踪了,总统,将军想知道间谍怕士兵为什么跟踪了总统。
109071,9,adj,喜欢,short,将军想知道,间谍,为什么,喜欢,士兵,,跟踪了,总统,将军想知道间谍为什么喜欢士兵跟踪了总统。
109072,9,adj,喜欢,long,将军想知道,间谍,,喜欢,士兵,为什么,跟踪了,总统,将军想知道间谍喜欢士兵为什么跟踪了总统。
109081,9,adj,记得,short,将军想知道,间谍,为什么,记得,士兵,,跟踪了,总统,将军想知道间谍为什么记得士兵跟踪了总统。
109082,9,adj,记得,long,将军想知道,间谍,,记得,士兵,为什么,跟踪了,总统,将军想知道间谍记得士兵为什么跟踪了总统。
109091,9,adj,猜,short,将军想知道,间谍,为什么,猜,士兵,,跟踪了,总统,将军想知道间谍为什么猜士兵跟踪了总统。
109092,9,adj,猜,long,将军想知道,间谍,,猜,士兵,为什么,跟踪了,总统,将军想知道间谍猜士兵为什么跟踪了总统。
109101,9,adj,假装,short,将军想知道,间谍,为什么,假装,士兵,,跟踪了,总统,将军想知道间谍为什么假装士兵跟踪了总统。
109102,9,adj,假装,long,将军想知道,间谍,,假装,士兵,为什么,跟踪了,总统,将军想知道间谍假装士兵为什么跟踪了总统。
109111,9,adj,害怕,short,将军想知道,间谍,为什么,害怕,士兵,,跟踪了,总统,将军想知道间谍为什么害怕士兵跟踪了总统。
109112,9,adj,害怕,long,将军想知道,间谍,,害怕,士兵,为什么,跟踪了,总统,将军想知道间谍害怕士兵为什么跟踪了总统。
109121,9,adj,感觉,short,将军想知道,间谍,为什么,感觉,士兵,,跟踪了,总统,将军想知道间谍为什么感觉士兵跟踪了总统。
109122,9,adj,感觉,long,将军想知道,间谍,,感觉,士兵,为什么,跟踪了,总统,将军想知道间谍感觉士兵为什么跟踪了总统。
109131,9,adj,认为,short,将军想知道,间谍,为什么,认为,士兵,,跟踪了,总统,将军想知道间谍为什么认为士兵跟踪了总统。
109132,9,adj,认为,long,将军想知道,间谍,,认为,士兵,为什么,跟踪了,总统,将军想知道间谍认为士兵为什么跟踪了总统。
109141,9,adj,写,short,将军想知道,间谍,为什么,写,士兵,,跟踪了,总统,将军想知道间谍为什么写士兵跟踪了总统。
109142,9,adj,写,long,将军想知道,间谍,,写,士兵,为什么,跟踪了,总统,将军想知道间谍写士兵为什么跟踪了总统。
110011,10,adj,说,short,导游想知道,外国人,为什么,说,保安,,袭击了,商贩,导游想知道外国人为什么说保安袭击了商贩。
110012,10,adj,说,long,导游想知道,外国人,,说,保安,为什么,袭击了,商贩,导游想知道外国人说保安为什么袭击了商贩。
110021,10,adj,觉得,short,导游想知道,外国人,为什么,觉得,保安,,袭击了,商贩,导游想知道外国人为什么觉得保安袭击了商贩。
110022,10,adj,觉得,long,导游想知道,外国人,,觉得,保安,为什么,袭击了,商贩,导游想知道外国人觉得保安为什么袭击了商贩。
110031,10,adj,希望,short,导游想知道,外国人,为什么,希望,保安,,袭击了,商贩,导游想知道外国人为什么希望保安袭击了商贩。
110032,10,adj,希望,long,导游想知道,外国人,,希望,保安,为什么,袭击了,商贩,导游想知道外国人希望保安为什么袭击了商贩。
110041,10,adj,说明,short,导游想知道,外国人,为什么,说明,保安,,袭击了,商贩,导游想知道外国人为什么说明保安袭击了商贩。
110042,10,adj,说明,long,导游想知道,外国人,,说明,保安,为什么,袭击了,商贩,导游想知道外国人说明保安为什么袭击了商贩。
110051,10,adj,想,short,导游想知道,外国人,为什么,想,保安,,袭击了,商贩,导游想知道外国人为什么想保安袭击了商贩。
110052,10,adj,想,long,导游想知道,外国人,,想,保安,为什么,袭击了,商贩,导游想知道外国人想保安为什么袭击了商贩。
110061,10,adj,怕,short,导游想知道,外国人,为什么,怕,保安,,袭击了,商贩,导游想知道外国人为什么怕保安袭击了商贩。
110062,10,adj,怕,long,导游想知道,外国人,,怕,保安,为什么,袭击了,商贩,导游想知道外国人怕保安为什么袭击了商贩。
110071,10,adj,喜欢,short,导游想知道,外国人,为什么,喜欢,保安,,袭击了,商贩,导游想知道外国人为什么喜欢保安袭击了商贩。
110072,10,adj,喜欢,long,导游想知道,外国人,,喜欢,保安,为什么,袭击了,商贩,导游想知道外国人喜欢保安为什么袭击了商贩。
110081,10,adj,记得,short,导游想知道,外国人,为什么,记得,保安,,袭击了,商贩,导游想知道外国人为什么记得保安袭击了商贩。
110082,10,adj,记得,long,导游想知道,外国人,,记得,保安,为什么,袭击了,商贩,导游想知道外国人记得保安为什么袭击了商贩。
110091,10,adj,猜,short,导游想知道,外国人,为什么,猜,保安,,袭击了,商贩,导游想知道外国人为什么猜保安袭击了商贩。
110092,10,adj,猜,long,导游想知道,外国人,,猜,保安,为什么,袭击了,商贩,导游想知道外国人猜保安为什么袭击了商贩。
110101,10,adj,假装,short,导游想知道,外国人,为什么,假装,保安,,袭击了,商贩,导游想知道外国人为什么假装保安袭击了商贩。
110102,10,adj,假装,long,导游想知道,外国人,,假装,保安,为什么,袭击了,商贩,导游想知道外国人假装保安为什么袭击了商贩。
110111,10,adj,害怕,short,导游想知道,外国人,为什么,害怕,保安,,袭击了,商贩,导游想知道外国人为什么害怕保安袭击了商贩。
110112,10,adj,害怕,long,导游想知道,外国人,,害怕,保安,为什么,袭击了,商贩,导游想知道外国人害怕保安为什么袭击了商贩。
110121,10,adj,感觉,short,导游想知道,外国人,为什么,感觉,保安,,袭击了,商贩,导游想知道外国人为什么感觉保安袭击了商贩。
110122,10,adj,感觉,long,导游想知道,外国人,,感觉,保安,为什么,袭击了,商贩,导游想知道外国人感觉保安为什么袭击了商贩。
110131,10,adj,认为,short,导游想知道,外国人,为什么,认为,保安,,袭击了,商贩,导游想知道外国人为什么认为保安袭击了商贩。
110132,10,adj,认为,long,导游想知道,外国人,,认为,保安,为什么,袭击了,商贩,导游想知道外国人认为保安为什么袭击了商贩。
110141,10,adj,写,short,导游想知道,外国人,为什么,写,保安,,袭击了,商贩,导游想知道外国人为什么写保安袭击了商贩。
110142,10,adj,写,long,导游想知道,外国人,,写,保安,为什么,袭击了,商贩,导游想知道外国人写保安为什么袭击了商贩。
111011,11,adj,说,short,政客想知道,医生,为什么,说,护士,,推倒了,男孩,政客想知道医生为什么说护士推倒了男孩。
111012,11,adj,说,long,政客想知道,医生,,说,护士,为什么,推倒了,男孩,政客想知道医生说护士为什么推倒了男孩。
111021,11,adj,觉得,short,政客想知道,医生,为什么,觉得,护士,,推倒了,男孩,政客想知道医生为什么觉得护士推倒了男孩。
111022,11,adj,觉得,long,政客想知道,医生,,觉得,护士,为什么,推倒了,男孩,政客想知道医生觉得护士为什么推倒了男孩。
111031,11,adj,希望,short,政客想知道,医生,为什么,希望,护士,,推倒了,男孩,政客想知道医生为什么希望护士推倒了男孩。
111032,11,adj,希望,long,政客想知道,医生,,希望,护士,为什么,推倒了,男孩,政客想知道医生希望护士为什么推倒了男孩。
111041,11,adj,说明,short,政客想知道,医生,为什么,说明,护士,,推倒了,男孩,政客想知道医生为什么说明护士推倒了男孩。
111042,11,adj,说明,long,政客想知道,医生,,说明,护士,为什么,推倒了,男孩,政客想知道医生说明护士为什么推倒了男孩。
111051,11,adj,想,short,政客想知道,医生,为什么,想,护士,,推倒了,男孩,政客想知道医生为什么想护士推倒了男孩。
111052,11,adj,想,long,政客想知道,医生,,想,护士,为什么,推倒了,男孩,政客想知道医生想护士为什么推倒了男孩。
111061,11,adj,怕,short,政客想知道,医生,为什么,怕,护士,,推倒了,男孩,政客想知道医生为什么怕护士推倒了男孩。
111062,11,adj,怕,long,政客想知道,医生,,怕,护士,为什么,推倒了,男孩,政客想知道医生怕护士为什么推倒了男孩。
111071,11,adj,喜欢,short,政客想知道,医生,为什么,喜欢,护士,,推倒了,男孩,政客想知道医生为什么喜欢护士推倒了男孩。
111072,11,adj,喜欢,long,政客想知道,医生,,喜欢,护士,为什么,推倒了,男孩,政客想知道医生喜欢护士为什么推倒了男孩。
111081,11,adj,记得,short,政客想知道,医生,为什么,记得,护士,,推倒了,男孩,政客想知道医生为什么记得护士推倒了男孩。
111082,11,adj,记得,long,政客想知道,医生,,记得,护士,为什么,推倒了,男孩,政客想知道医生记得护士为什么推倒了男孩。
111091,11,adj,猜,short,政客想知道,医生,为什么,猜,护士,,推倒了,男孩,政客想知道医生为什么猜护士推倒了男孩。
111092,11,adj,猜,long,政客想知道,医生,,猜,护士,为什么,推倒了,男孩,政客想知道医生猜护士为什么推倒了男孩。
111101,11,adj,假装,short,政客想知道,医生,为什么,假装,护士,,推倒了,男孩,政客想知道医生为什么假装护士推倒了男孩。
111102,11,adj,假装,long,政客想知道,医生,,假装,护士,为什么,推倒了,男孩,政客想知道医生假装护士为什么推倒了男孩。
111111,11,adj,害怕,short,政客想知道,医生,为什么,害怕,护士,,推倒了,男孩,政客想知道医生为什么害怕护士推倒了男孩。
111112,11,adj,害怕,long,政客想知道,医生,,害怕,护士,为什么,推倒了,男孩,政客想知道医生害怕护士为什么推倒了男孩。
111121,11,adj,感觉,short,政客想知道,医生,为什么,感觉,护士,,推倒了,男孩,政客想知道医生为什么感觉护士推倒了男孩。
111122,11,adj,感觉,long,政客想知道,医生,,感觉,护士,为什么,推倒了,男孩,政客想知道医生感觉护士为什么推倒了男孩。
111131,11,adj,认为,short,政客想知道,医生,为什么,认为,护士,,推倒了,男孩,政客想知道医生为什么认为护士推倒了男孩。
111132,11,adj,认为,long,政客想知道,医生,,认为,护士,为什么,推倒了,男孩,政客想知道医生认为护士为什么推倒了男孩。
111141,11,adj,写,short,政客想知道,医生,为什么,写,护士,,推倒了,男孩,政客想知道医生为什么写护士推倒了男孩。
111142,11,adj,写,long,政客想知道,医生,,写,护士,为什么,推倒了,男孩,政客想知道医生写护士为什么推倒了男孩。
112011,12,adj,说,short,包工头想知道,和尚,为什么,说,播音员,,打伤了,算命先生,包工头想知道和尚为什么说播音员打伤了算命先生。
112012,12,adj,说,long,包工头想知道,和尚,,说,播音员,为什么,打伤了,算命先生,包工头想知道和尚说播音员为什么打伤了算命先生。
112021,12,adj,觉得,short,包工头想知道,和尚,为什么,觉得,播音员,,打伤了,算命先生,包工头想知道和尚为什么觉得播音员打伤了算命先生。
112022,12,adj,觉得,long,包工头想知道,和尚,,觉得,播音员,为什么,打伤了,算命先生,包工头想知道和尚觉得播音员为什么打伤了算命先生。
112031,12,adj,希望,short,包工头想知道,和尚,为什么,希望,播音员,,打伤了,算命先生,包工头想知道和尚为什么希望播音员打伤了算命先生。
112032,12,adj,希望,long,包工头想知道,和尚,,希望,播音员,为什么,打伤了,算命先生,包工头想知道和尚希望播音员为什么打伤了算命先生。
112041,12,adj,说明,short,包工头想知道,和尚,为什么,说明,播音员,,打伤了,算命先生,包工头想知道和尚为什么说明播音员打伤了算命先生。
112042,12,adj,说明,long,包工头想知道,和尚,,说明,播音员,为什么,打伤了,算命先生,包工头想知道和尚说明播音员为什么打伤了算命先生。
112051,12,adj,想,short,包工头想知道,和尚,为什么,想,播音员,,打伤了,算命先生,包工头想知道和尚为什么想播音员打伤了算命先生。
112052,12,adj,想,long,包工头想知道,和尚,,想,播音员,为什么,打伤了,算命先生,包工头想知道和尚想播音员为什么打伤了算命先生。
112061,12,adj,怕,short,包工头想知道,和尚,为什么,怕,播音员,,打伤了,算命先生,包工头想知道和尚为什么怕播音员打伤了算命先生。
112062,12,adj,怕,long,包工头想知道,和尚,,怕,播音员,为什么,打伤了,算命先生,包工头想知道和尚怕播音员为什么打伤了算命先生。
112071,12,adj,喜欢,short,包工头想知道,和尚,为什么,喜欢,播音员,,打伤了,算命先生,包工头想知道和尚为什么喜欢播音员打伤了算命先生。
112072,12,adj,喜欢,long,包工头想知道,和尚,,喜欢,播音员,为什么,打伤了,算命先生,包工头想知道和尚喜欢播音员为什么打伤了算命先生。
112081,12,adj,记得,short,包工头想知道,和尚,为什么,记得,播音员,,打伤了,算命先生,包工头想知道和尚为什么记得播音员打伤了算命先生。
112082,12,adj,记得,long,包工头想知道,和尚,,记得,播音员,为什么,打伤了,算命先生,包工头想知道和尚记得播音员为什么打伤了算命先生。
112091,12,adj,猜,short,包工头想知道,和尚,为什么,猜,播音员,,打伤了,算命先生,包工头想知道和尚为什么猜播音员打伤了算命先生。
112092,12,adj,猜,long,包工头想知道,和尚,,猜,播音员,为什么,打伤了,算命先生,包工头想知道和尚猜播音员为什么打伤了算命先生。
112101,12,adj,假装,short,包工头想知道,和尚,为什么,假装,播音员,,打伤了,算命先生,包工头想知道和尚为什么假装播音员打伤了算命先生。
112102,12,adj,假装,long,包工头想知道,和尚,,假装,播音员,为什么,打伤了,算命先生,包工头想知道和尚假装播音员为什么打伤了算命先生。
112111,12,adj,害怕,short,包工头想知道,和尚,为什么,害怕,播音员,,打伤了,算命先生,包工头想知道和尚为什么害怕播音员打伤了算命先生。
112112,12,adj,害怕,long,包工头想知道,和尚,,害怕,播音员,为什么,打伤了,算命先生,包工头想知道和尚害怕播音员为什么打伤了算命先生。
112121,12,adj,感觉,short,包工头想知道,和尚,为什么,感觉,播音员,,打伤了,算命先生,包工头想知道和尚为什么感觉播音员打伤了算命先生。
112122,12,adj,感觉,long,包工头想知道,和尚,,感觉,播音员,为什么,打伤了,算命先生,包工头想知道和尚感觉播音员为什么打伤了算命先生。
112131,12,adj,认为,short,包工头想知道,和尚,为什么,认为,播音员,,打伤了,算命先生,包工头想知道和尚为什么认为播音员打伤了算命先生。
112132,12,adj,认为,long,包工头想知道,和尚,,认为,播音员,为什么,打伤了,算命先生,包工头想知道和尚认为播音员为什么打伤了算命先生。
112141,12,adj,写,short,包工头想知道,和尚,为什么,写,播音员,,打伤了,算命先生,包工头想知道和尚为什么写播音员打伤了算命先生。
112142,12,adj,写,long,包工头想知道,和尚,,写,播音员,为什么,打伤了,算命先生,包工头想知道和尚写播音员为什么打伤了算命先生。
113011,13,adj,说,short,服务员想知道,售票员,为什么,说,演说家,,欺骗了,建筑工人,服务员想知道售票员为什么说演说家欺骗了建筑工人。
113012,13,adj,说,long,服务员想知道,售票员,,说,演说家,为什么,欺骗了,建筑工人,服务员想知道售票员说演说家为什么欺骗了建筑工人。
113021,13,adj,觉得,short,服务员想知道,售票员,为什么,觉得,演说家,,欺骗了,建筑工人,服务员想知道售票员为什么觉得演说家欺骗了建筑工人。
113022,13,adj,觉得,long,服务员想知道,售票员,,觉得,演说家,为什么,欺骗了,建筑工人,服务员想知道售票员觉得演说家为什么欺骗了建筑工人。
113031,13,adj,希望,short,服务员想知道,售票员,为什么,希望,演说家,,欺骗了,建筑工人,服务员想知道售票员为什么希望演说家欺骗了建筑工人。
113032,13,adj,希望,long,服务员想知道,售票员,,希望,演说家,为什么,欺骗了,建筑工人,服务员想知道售票员希望演说家为什么欺骗了建筑工人。
113041,13,adj,说明,short,服务员想知道,售票员,为什么,说明,演说家,,欺骗了,建筑工人,服务员想知道售票员为什么说明演说家欺骗了建筑工人。
113042,13,adj,说明,long,服务员想知道,售票员,,说明,演说家,为什么,欺骗了,建筑工人,服务员想知道售票员说明演说家为什么欺骗了建筑工人。
113051,13,adj,想,short,服务员想知道,售票员,为什么,想,演说家,,欺骗了,建筑工人,服务员想知道售票员为什么想演说家欺骗了建筑工人。
113052,13,adj,想,long,服务员想知道,售票员,,想,演说家,为什么,欺骗了,建筑工人,服务员想知道售票员想演说家为什么欺骗了建筑工人。
113061,13,adj,怕,short,服务员想知道,售票员,为什么,怕,演说家,,欺骗了,建筑工人,服务员想知道售票员为什么怕演说家欺骗了建筑工人。
113062,13,adj,怕,long,服务员想知道,售票员,,怕,演说家,为什么,欺骗了,建筑工人,服务员想知道售票员怕演说家为什么欺骗了建筑工人。
113071,13,adj,喜欢,short,服务员想知道,售票员,为什么,喜欢,演说家,,欺骗了,建筑工人,服务员想知道售票员为什么喜欢演说家欺骗了建筑工人。
113072,13,adj,喜欢,long,服务员想知道,售票员,,喜欢,演说家,为什么,欺骗了,建筑工人,服务员想知道售票员喜欢演说家为什么欺骗了建筑工人。
113081,13,adj,记得,short,服务员想知道,售票员,为什么,记得,演说家,,欺骗了,建筑工人,服务员想知道售票员为什么记得演说家欺骗了建筑工人。
113082,13,adj,记得,long,服务员想知道,售票员,,记得,演说家,为什么,欺骗了,建筑工人,服务员想知道售票员记得演说家为什么欺骗了建筑工人。
113091,13,adj,猜,short,服务员想知道,售票员,为什么,猜,演说家,,欺骗了,建筑工人,服务员想知道售票员为什么猜演说家欺骗了建筑工人。
113092,13,adj,猜,long,服务员想知道,售票员,,猜,演说家,为什么,欺骗了,建筑工人,服务员想知道售票员猜演说家为什么欺骗了建筑工人。
113101,13,adj,假装,short,服务员想知道,售票员,为什么,假装,演说家,,欺骗了,建筑工人,服务员想知道售票员为什么假装演说家欺骗了建筑工人。
113102,13,adj,假装,long,服务员想知道,售票员,,假装,演说家,为什么,欺骗了,建筑工人,服务员想知道售票员假装演说家为什么欺骗了建筑工人。
113111,13,adj,害怕,short,服务员想知道,售票员,为什么,害怕,演说家,,欺骗了,建筑工人,服务员想知道售票员为什么害怕演说家欺骗了建筑工人。
113112,13,adj,害怕,long,服务员想知道,售票员,,害怕,演说家,为什么,欺骗了,建筑工人,服务员想知道售票员害怕演说家为什么欺骗了建筑工人。
113121,13,adj,感觉,short,服务员想知道,售票员,为什么,感觉,演说家,,欺骗了,建筑工人,服务员想知道售票员为什么感觉演说家欺骗了建筑工人。
113122,13,adj,感觉,long,服务员想知道,售票员,,感觉,演说家,为什么,欺骗了,建筑工人,服务员想知道售票员感觉演说家为什么欺骗了建筑工人。
113131,13,adj,认为,short,服务员想知道,售票员,为什么,认为,演说家,,欺骗了,建筑工人,服务员想知道售票员为什么认为演说家欺骗了建筑工人。
113132,13,adj,认为,long,服务员想知道,售票员,,认为,演说家,为什么,欺骗了,建筑工人,服务员想知道售票员认为演说家为什么欺骗了建筑工人。
113141,13,adj,写,short,服务员想知道,售票员,为什么,写,演说家,,欺骗了,建筑工人,服务员想知道售票员为什么写演说家欺骗了建筑工人。
113142,13,adj,写,long,服务员想知道,售票员,,写,演说家,为什么,欺骗了,建筑工人,服务员想知道售票员写演说家为什么欺骗了建筑工人。
114011,14,adj,说,short,英语老师想知道,工程师,为什么,说,中学生,,举报了,店员,英语老师想知道工程师为什么说中学生举报了店员。
114012,14,adj,说,long,英语老师想知道,工程师,,说,中学生,为什么,举报了,店员,英语老师想知道工程师说中学生为什么举报了店员。
114021,14,adj,觉得,short,英语老师想知道,工程师,为什么,觉得,中学生,,举报了,店员,英语老师想知道工程师为什么觉得中学生举报了店员。
114022,14,adj,觉得,long,英语老师想知道,工程师,,觉得,中学生,为什么,举报了,店员,英语老师想知道工程师觉得中学生为什么举报了店员。
114031,14,adj,希望,short,英语老师想知道,工程师,为什么,希望,中学生,,举报了,店员,英语老师想知道工程师为什么希望中学生举报了店员。
114032,14,adj,希望,long,英语老师想知道,工程师,,希望,中学生,为什么,举报了,店员,英语老师想知道工程师希望中学生为什么举报了店员。
114041,14,adj,说明,short,英语老师想知道,工程师,为什么,说明,中学生,,举报了,店员,英语老师想知道工程师为什么说明中学生举报了店员。
114042,14,adj,说明,long,英语老师想知道,工程师,,说明,中学生,为什么,举报了,店员,英语老师想知道工程师说明中学生为什么举报了店员。
114051,14,adj,想,short,英语老师想知道,工程师,为什么,想,中学生,,举报了,店员,英语老师想知道工程师为什么想中学生举报了店员。
114052,14,adj,想,long,英语老师想知道,工程师,,想,中学生,为什么,举报了,店员,英语老师想知道工程师想中学生为什么举报了店员。
114061,14,adj,怕,short,英语老师想知道,工程师,为什么,怕,中学生,,举报了,店员,英语老师想知道工程师为什么怕中学生举报了店员。
114062,14,adj,怕,long,英语老师想知道,工程师,,怕,中学生,为什么,举报了,店员,英语老师想知道工程师怕中学生为什么举报了店员。
114071,14,adj,喜欢,short,英语老师想知道,工程师,为什么,喜欢,中学生,,举报了,店员,英语老师想知道工程师为什么喜欢中学生举报了店员。
114072,14,adj,喜欢,long,英语老师想知道,工程师,,喜欢,中学生,为什么,举报了,店员,英语老师想知道工程师喜欢中学生为什么举报了店员。
114081,14,adj,记得,short,英语老师想知道,工程师,为什么,记得,中学生,,举报了,店员,英语老师想知道工程师为什么记得中学生举报了店员。
114082,14,adj,记得,long,英语老师想知道,工程师,,记得,中学生,为什么,举报了,店员,英语老师想知道工程师记得中学生为什么举报了店员。
114091,14,adj,猜,short,英语老师想知道,工程师,为什么,猜,中学生,,举报了,店员,英语老师想知道工程师为什么猜中学生举报了店员。
114092,14,adj,猜,long,英语老师想知道,工程师,,猜,中学生,为什么,举报了,店员,英语老师想知道工程师猜中学生为什么举报了店员。
114101,14,adj,假装,short,英语老师想知道,工程师,为什么,假装,中学生,,举报了,店员,英语老师想知道工程师为什么假装中学生举报了店员。
114102,14,adj,假装,long,英语老师想知道,工程师,,假装,中学生,为什么,举报了,店员,英语老师想知道工程师假装中学生为什么举报了店员。
114111,14,adj,害怕,short,英语老师想知道,工程师,为什么,害怕,中学生,,举报了,店员,英语老师想知道工程师为什么害怕中学生举报了店员。
114112,14,adj,害怕,long,英语老师想知道,工程师,,害怕,中学生,为什么,举报了,店员,英语老师想知道工程师害怕中学生为什么举报了店员。
114121,14,adj,感觉,short,英语老师想知道,工程师,为什么,感觉,中学生,,举报了,店员,英语老师想知道工程师为什么感觉中学生举报了店员。
114122,14,adj,感觉,long,英语老师想知道,工程师,,感觉,中学生,为什么,举报了,店员,英语老师想知道工程师感觉中学生为什么举报了店员。
114131,14,adj,认为,short,英语老师想知道,工程师,为什么,认为,中学生,,举报了,店员,英语老师想知道工程师为什么认为中学生举报了店员。
114132,14,adj,认为,long,英语老师想知道,工程师,,认为,中学生,为什么,举报了,店员,英语老师想知道工程师认为中学生为什么举报了店员。
114141,14,adj,写,short,英语老师想知道,工程师,为什么,写,中学生,,举报了,店员,英语老师想知道工程师为什么写中学生举报了店员。
114142,14,adj,写,long,英语老师想知道,工程师,,写,中学生,为什么,举报了,店员,英语老师想知道工程师写中学生为什么举报了店员。
115011,15,adj,说,short,主持人想知道,学者,为什么,说,政府官员,,批评了,总统候选人,主持人想知道学者为什么说政府官员批评了总统候选人。
115012,15,adj,说,long,主持人想知道,学者,,说,政府官员,为什么,批评了,总统候选人,主持人想知道学者说政府官员为什么批评了总统候选人。
115021,15,adj,觉得,short,主持人想知道,学者,为什么,觉得,政府官员,,批评了,总统候选人,主持人想知道学者为什么觉得政府官员批评了总统候选人。
115022,15,adj,觉得,long,主持人想知道,学者,,觉得,政府官员,为什么,批评了,总统候选人,主持人想知道学者觉得政府官员为什么批评了总统候选人。
115031,15,adj,希望,short,主持人想知道,学者,为什么,希望,政府官员,,批评了,总统候选人,主持人想知道学者为什么希望政府官员批评了总统候选人。
115032,15,adj,希望,long,主持人想知道,学者,,希望,政府官员,为什么,批评了,总统候选人,主持人想知道学者希望政府官员为什么批评了总统候选人。
115041,15,adj,说明,short,主持人想知道,学者,为什么,说明,政府官员,,批评了,总统候选人,主持人想知道学者为什么说明政府官员批评了总统候选人。
115042,15,adj,说明,long,主持人想知道,学者,,说明,政府官员,为什么,批评了,总统候选人,主持人想知道学者说明政府官员为什么批评了总统候选人。
115051,15,adj,想,short,主持人想知道,学者,为什么,想,政府官员,,批评了,总统候选人,主持人想知道学者为什么想政府官员批评了总统候选人。
115052,15,adj,想,long,主持人想知道,学者,,想,政府官员,为什么,批评了,总统候选人,主持人想知道学者想政府官员为什么批评了总统候选人。
115061,15,adj,怕,short,主持人想知道,学者,为什么,怕,政府官员,,批评了,总统候选人,主持人想知道学者为什么怕政府官员批评了总统候选人。
115062,15,adj,怕,long,主持人想知道,学者,,怕,政府官员,为什么,批评了,总统候选人,主持人想知道学者怕政府官员为什么批评了总统候选人。
115071,15,adj,喜欢,short,主持人想知道,学者,为什么,喜欢,政府官员,,批评了,总统候选人,主持人想知道学者为什么喜欢政府官员批评了总统候选人。
115072,15,adj,喜欢,long,主持人想知道,学者,,喜欢,政府官员,为什么,批评了,总统候选人,主持人想知道学者喜欢政府官员为什么批评了总统候选人。
115081,15,adj,记得,short,主持人想知道,学者,为什么,记得,政府官员,,批评了,总统候选人,主持人想知道学者为什么记得政府官员批评了总统候选人。
115082,15,adj,记得,long,主持人想知道,学者,,记得,政府官员,为什么,批评了,总统候选人,主持人想知道学者记得政府官员为什么批评了总统候选人。
115091,15,adj,猜,short,主持人想知道,学者,为什么,猜,政府官员,,批评了,总统候选人,主持人想知道学者为什么猜政府官员批评了总统候选人。
115092,15,adj,猜,long,主持人想知道,学者,,猜,政府官员,为什么,批评了,总统候选人,主持人想知道学者猜政府官员为什么批评了总统候选人。
115101,15,adj,假装,short,主持人想知道,学者,为什么,假装,政府官员,,批评了,总统候选人,主持人想知道学者为什么假装政府官员批评了总统候选人。
115102,15,adj,假装,long,主持人想知道,学者,,假装,政府官员,为什么,批评了,总统候选人,主持人想知道学者假装政府官员为什么批评了总统候选人。
115111,15,adj,害怕,short,主持人想知道,学者,为什么,害怕,政府官员,,批评了,总统候选人,主持人想知道学者为什么害怕政府官员批评了总统候选人。
115112,15,adj,害怕,long,主持人想知道,学者,,害怕,政府官员,为什么,批评了,总统候选人,主持人想知道学者害怕政府官员为什么批评了总统候选人。
115121,15,adj,感觉,short,主持人想知道,学者,为什么,感觉,政府官员,,批评了,总统候选人,主持人想知道学者为什么感觉政府官员批评了总统候选人。
115122,15,adj,感觉,long,主持人想知道,学者,,感觉,政府官员,为什么,批评了,总统候选人,主持人想知道学者感觉政府官员为什么批评了总统候选人。
115131,15,adj,认为,short,主持人想知道,学者,为什么,认为,政府官员,,批评了,总统候选人,主持人想知道学者为什么认为政府官员批评了总统候选人。
115132,15,adj,认为,long,主持人想知道,学者,,认为,政府官员,为什么,批评了,总统候选人,主持人想知道学者认为政府官员为什么批评了总统候选人。
115141,15,adj,写,short,主持人想知道,学者,为什么,写,政府官员,,批评了,总统候选人,主持人想知道学者为什么写政府官员批评了总统候选人。
115142,15,adj,写,long,主持人想知道,学者,,写,政府官员,为什么,批评了,总统候选人,主持人想知道学者写政府官员为什么批评了总统候选人。
116011,16,adj,说,short,大学生想知道,记者,为什么,说,音乐老师,,夸赞了,歌手,大学生想知道记者为什么说音乐老师夸赞了歌手。
116012,16,adj,说,long,大学生想知道,记者,,说,音乐老师,为什么,夸赞了,歌手,大学生想知道记者说音乐老师为什么夸赞了歌手。
116021,16,adj,觉得,short,大学生想知道,记者,为什么,觉得,音乐老师,,夸赞了,歌手,大学生想知道记者为什么觉得音乐老师夸赞了歌手。
116022,16,adj,觉得,long,大学生想知道,记者,,觉得,音乐老师,为什么,夸赞了,歌手,大学生想知道记者觉得音乐老师为什么夸赞了歌手。
116031,16,adj,希望,short,大学生想知道,记者,为什么,希望,音乐老师,,夸赞了,歌手,大学生想知道记者为什么希望音乐老师夸赞了歌手。
116032,16,adj,希望,long,大学生想知道,记者,,希望,音乐老师,为什么,夸赞了,歌手,大学生想知道记者希望音乐老师为什么夸赞了歌手。
116041,16,adj,说明,short,大学生想知道,记者,为什么,说明,音乐老师,,夸赞了,歌手,大学生想知道记者为什么说明音乐老师夸赞了歌手。
116042,16,adj,说明,long,大学生想知道,记者,,说明,音乐老师,为什么,夸赞了,歌手,大学生想知道记者说明音乐老师为什么夸赞了歌手。
116051,16,adj,想,short,大学生想知道,记者,为什么,想,音乐老师,,夸赞了,歌手,大学生想知道记者为什么想音乐老师夸赞了歌手。
116052,16,adj,想,long,大学生想知道,记者,,想,音乐老师,为什么,夸赞了,歌手,大学生想知道记者想音乐老师为什么夸赞了歌手。
116061,16,adj,怕,short,大学生想知道,记者,为什么,怕,音乐老师,,夸赞了,歌手,大学生想知道记者为什么怕音乐老师夸赞了歌手。
116062,16,adj,怕,long,大学生想知道,记者,,怕,音乐老师,为什么,夸赞了,歌手,大学生想知道记者怕音乐老师为什么夸赞了歌手。
116071,16,adj,喜欢,short,大学生想知道,记者,为什么,喜欢,音乐老师,,夸赞了,歌手,大学生想知道记者为什么喜欢音乐老师夸赞了歌手。
116072,16,adj,喜欢,long,大学生想知道,记者,,喜欢,音乐老师,为什么,夸赞了,歌手,大学生想知道记者喜欢音乐老师为什么夸赞了歌手。
116081,16,adj,记得,short,大学生想知道,记者,为什么,记得,音乐老师,,夸赞了,歌手,大学生想知道记者为什么记得音乐老师夸赞了歌手。
116082,16,adj,记得,long,大学生想知道,记者,,记得,音乐老师,为什么,夸赞了,歌手,大学生想知道记者记得音乐老师为什么夸赞了歌手。
116091,16,adj,猜,short,大学生想知道,记者,为什么,猜,音乐老师,,夸赞了,歌手,大学生想知道记者为什么猜音乐老师夸赞了歌手。
116092,16,adj,猜,long,大学生想知道,记者,,猜,音乐老师,为什么,夸赞了,歌手,大学生想知道记者猜音乐老师为什么夸赞了歌手。
116101,16,adj,假装,short,大学生想知道,记者,为什么,假装,音乐老师,,夸赞了,歌手,大学生想知道记者为什么假装音乐老师夸赞了歌手。
116102,16,adj,假装,long,大学生想知道,记者,,假装,音乐老师,为什么,夸赞了,歌手,大学生想知道记者假装音乐老师为什么夸赞了歌手。
116111,16,adj,害怕,short,大学生想知道,记者,为什么,害怕,音乐老师,,夸赞了,歌手,大学生想知道记者为什么害怕音乐老师夸赞了歌手。
116112,16,adj,害怕,long,大学生想知道,记者,,害怕,音乐老师,为什么,夸赞了,歌手,大学生想知道记者害怕音乐老师为什么夸赞了歌手。
116121,16,adj,感觉,short,大学生想知道,记者,为什么,感觉,音乐老师,,夸赞了,歌手,大学生想知道记者为什么感觉音乐老师夸赞了歌手。
116122,16,adj,感觉,long,大学生想知道,记者,,感觉,音乐老师,为什么,夸赞了,歌手,大学生想知道记者感觉音乐老师为什么夸赞了歌手。
116131,16,adj,认为,short,大学生想知道,记者,为什么,认为,音乐老师,,夸赞了,歌手,大学生想知道记者为什么认为音乐老师夸赞了歌手。
116132,16,adj,认为,long,大学生想知道,记者,,认为,音乐老师,为什么,夸赞了,歌手,大学生想知道记者认为音乐老师为什么夸赞了歌手。
116141,16,adj,写,short,大学生想知道,记者,为什么,写,音乐老师,,夸赞了,歌手,大学生想知道记者为什么写音乐老师夸赞了歌手。
116142,16,adj,写,long,大学生想知道,记者,,写,音乐老师,为什么,夸赞了,歌手,大学生想知道记者写音乐老师为什么夸赞了歌手。
201011,1,arg,说,short,老师想知道,学生,为什么,说,保安,,打了,快递员,老师想知道谁说保安打了快递员。
201012,1,arg,说,long,老师想知道,学生,,说,修理工,为什么,打了,快递员,老师想知道学生说修理工打了谁。
201021,1,arg,觉得,short,老师想知道,学生,为什么,觉得,修理工,,打了,快递员,老师想知道谁觉得修理工打了快递员。
201022,1,arg,觉得,long,老师想知道,学生,,觉得,修理工,为什么,打了,快递员,老师想知道学生觉得修理工打了谁。
201031,1,arg,希望,short,老师想知道,学生,为什么,希望,修理工,,打了,快递员,老师想知道谁希望修理工打了快递员。
201032,1,arg,希望,long,老师想知道,学生,,希望,修理工,为什么,打了,快递员,老师想知道学生希望修理工打了谁。
201041,1,arg,说明,short,老师想知道,学生,为什么,说明,修理工,,打了,快递员,老师想知道谁说明修理工打了快递员。
201042,1,arg,说明,long,老师想知道,学生,,说明,修理工,为什么,打了,快递员,老师想知道学生说明修理工打了谁。
201051,1,arg,想,short,老师想知道,学生,为什么,想,修理工,,打了,快递员,老师想知道谁想修理工打了快递员。
201052,1,arg,想,long,老师想知道,学生,,想,修理工,为什么,打了,快递员,老师想知道学生想修理工打了谁。
201061,1,arg,怕,short,老师想知道,学生,为什么,怕,修理工,,打了,快递员,老师想知道谁怕修理工打了快递员。
201062,1,arg,怕,long,老师想知道,学生,,怕,修理工,为什么,打了,快递员,老师想知道学生怕修理工打了谁。
201071,1,arg,喜欢,short,老师想知道,学生,为什么,喜欢,修理工,,打了,快递员,老师想知道谁喜欢修理工打了快递员。
201072,1,arg,喜欢,long,老师想知道,学生,,喜欢,修理工,为什么,打了,快递员,老师想知道学生喜欢修理工打了谁。
201081,1,arg,记得,short,老师想知道,学生,为什么,记得,修理工,,打了,快递员,老师想知道谁记得修理工打了快递员。
201082,1,arg,记得,long,老师想知道,学生,,记得,修理工,为什么,打了,快递员,老师想知道学生记得修理工打了谁。
201091,1,arg,猜,short,老师想知道,学生,为什么,猜,修理工,,打了,快递员,老师想知道谁猜修理工打了快递员。
201092,1,arg,猜,long,老师想知道,学生,,猜,修理工,为什么,打了,快递员,老师想知道学生猜修理工打了谁。
201101,1,arg,假装,short,老师想知道,学生,为什么,假装,修理工,,打了,快递员,老师想知道谁假装修理工打了快递员。
201102,1,arg,假装,long,老师想知道,学生,,假装,修理工,为什么,打了,快递员,老师想知道学生假装修理工打了谁。
201111,1,arg,害怕,short,老师想知道,学生,为什么,害怕,修理工,,打了,快递员,老师想知道谁害怕修理工打了快递员。
201112,1,arg,害怕,long,老师想知道,学生,,害怕,修理工,为什么,打了,快递员,老师想知道学生害怕修理工打了谁。
201121,1,arg,感觉,short,老师想知道,学生,为什么,感觉,修理工,,打了,快递员,老师想知道谁感觉修理工打了快递员。
201122,1,arg,感觉,long,老师想知道,学生,,感觉,修理工,为什么,打了,快递员,老师想知道学生感觉修理工打了谁。
201131,1,arg,认为,short,老师想知道,学生,为什么,认为,修理工,,打了,快递员,老师想知道谁认为修理工打了快递员。
201132,1,arg,认为,long,老师想知道,学生,,认为,修理工,为什么,打了,快递员,老师想知道学生认为修理工打了谁。
201141,1,arg,写,short,老师想知道,学生,为什么,写,修理工,,打了,快递员,老师想知道谁写修理工打了快递员。
201142,1,arg,写,long,老师想知道,学生,,写,修理工,为什么,打了,快递员,老师想知道学生写修理工打了谁。
202011,2,arg,说,short,法官想知道,律师,为什么,说,警察,,审问了,学生,法官想知道谁说警察审问了学生。
202012,2,arg,说,long,法官想知道,律师,,说,警察,为什么,审问了,学生,法官想知道律师说警察审问了谁。
202021,2,arg,觉得,short,法官想知道,律师,为什么,觉得,警察,,审问了,学生,法官想知道谁觉得警察审问了学生。
202022,2,arg,觉得,long,法官想知道,律师,,觉得,警察,为什么,审问了,学生,法官想知道律师觉得警察审问了谁。
202031,2,arg,希望,short,法官想知道,律师,为什么,希望,警察,,审问了,学生,法官想知道谁希望警察审问了学生。
202032,2,arg,希望,long,法官想知道,律师,,希望,警察,为什么,审问了,学生,法官想知道律师希望警察审问了谁。
202041,2,arg,说明,short,法官想知道,律师,为什么,说明,警察,,审问了,学生,法官想知道谁说明警察审问了学生。
202042,2,arg,说明,long,法官想知道,律师,,说明,警察,为什么,审问了,学生,法官想知道律师说明警察审问了谁。
202051,2,arg,想,short,法官想知道,律师,为什么,想,警察,,审问了,学生,法官想知道谁想警察审问了学生。
202052,2,arg,想,long,法官想知道,律师,,想,警察,为什么,审问了,学生,法官想知道律师想警察审问了谁。
202061,2,arg,怕,short,法官想知道,律师,为什么,怕,警察,,审问了,学生,法官想知道谁怕警察审问了学生。
202062,2,arg,怕,long,法官想知道,律师,,怕,警察,为什么,审问了,学生,法官想知道律师怕警察审问了谁。
202071,2,arg,喜欢,short,法官想知道,律师,为什么,喜欢,警察,,审问了,学生,法官想知道谁喜欢警察审问了学生。
202072,2,arg,喜欢,long,法官想知道,律师,,喜欢,警察,为什么,审问了,学生,法官想知道律师喜欢警察审问了谁。
202081,2,arg,记得,short,法官想知道,律师,为什么,记得,警察,,审问了,学生,法官想知道谁记得警察审问了学生。
202082,2,arg,记得,long,法官想知道,律师,,记得,警察,为什么,审问了,学生,法官想知道律师记得警察审问了谁。
202091,2,arg,猜,short,法官想知道,律师,为什么,猜,警察,,审问了,学生,法官想知道谁猜警察审问了学生。
202092,2,arg,猜,long,法官想知道,律师,,猜,警察,为什么,审问了,学生,法官想知道律师猜警察审问了谁。
202101,2,arg,假装,short,法官想知道,律师,为什么,假装,警察,,审问了,学生,法官想知道谁假装警察审问了学生。
202102,2,arg,假装,long,法官想知道,律师,,假装,警察,为什么,审问了,学生,法官想知道律师假装警察审问了谁。
202111,2,arg,害怕,short,法官想知道,律师,为什么,害怕,警察,,审问了,学生,法官想知道谁害怕警察审问了学生。
202112,2,arg,害怕,long,法官想知道,律师,,害怕,警察,为什么,审问了,学生,法官想知道律师害怕警察审问了谁。
202121,2,arg,感觉,short,法官想知道,律师,为什么,感觉,警察,,审问了,学生,法官想知道谁感觉警察审问了学生。
202122,2,arg,感觉,long,法官想知道,律师,,感觉,警察,为什么,审问了,学生,法官想知道律师感觉警察审问了谁。
202131,2,arg,认为,short,法官想知道,律师,为什么,认为,警察,,审问了,学生,法官想知道谁认为警察审问了学生。
202132,2,arg,认为,long,法官想知道,律师,,认为,警察,为什么,审问了,学生,法官想知道律师认为警察审问了谁。
202141,2,arg,写,short,法官想知道,律师,为什么,写,警察,,审问了,学生,法官想知道谁写警察审问了学生。
202142,2,arg,写,long,法官想知道,律师,,写,警察,为什么,审问了,学生,法官想知道律师写警察审问了谁。
203011,3,arg,说,short,经理想知道,厨师,为什么,说,服务员,,接待了,乞丐,经理想知道谁说服务员接待了乞丐。
203012,3,arg,说,long,经理想知道,厨师,,说,服务员,为什么,接待了,乞丐,经理想知道厨师说服务员接待了谁。
203021,3,arg,觉得,short,经理想知道,厨师,为什么,觉得,服务员,,接待了,乞丐,经理想知道谁觉得服务员接待了乞丐。
203022,3,arg,觉得,long,经理想知道,厨师,,觉得,服务员,为什么,接待了,乞丐,经理想知道厨师觉得服务员接待了谁。
203031,3,arg,希望,short,经理想知道,厨师,为什么,希望,服务员,,接待了,乞丐,经理想知道谁希望服务员接待了乞丐。
203032,3,arg,希望,long,经理想知道,厨师,,希望,服务员,为什么,接待了,乞丐,经理想知道厨师希望服务员接待了谁。
203041,3,arg,说明,short,经理想知道,厨师,为什么,说明,服务员,,接待了,乞丐,经理想知道谁说明服务员接待了乞丐。
203042,3,arg,说明,long,经理想知道,厨师,,说明,服务员,为什么,接待了,乞丐,经理想知道厨师说明服务员接待了谁。
203051,3,arg,想,short,经理想知道,厨师,为什么,想,服务员,,接待了,乞丐,经理想知道谁想服务员接待了乞丐。
203052,3,arg,想,long,经理想知道,厨师,,想,服务员,为什么,接待了,乞丐,经理想知道厨师想服务员接待了谁。
203061,3,arg,怕,short,经理想知道,厨师,为什么,怕,服务员,,接待了,乞丐,经理想知道谁怕服务员接待了乞丐。
203062,3,arg,怕,long,经理想知道,厨师,,怕,服务员,为什么,接待了,乞丐,经理想知道厨师怕服务员接待了谁。
203071,3,arg,喜欢,short,经理想知道,厨师,为什么,喜欢,服务员,,接待了,乞丐,经理想知道谁喜欢服务员接待了乞丐。
203072,3,arg,喜欢,long,经理想知道,厨师,,喜欢,服务员,为什么,接待了,乞丐,经理想知道厨师喜欢服务员接待了谁。
203081,3,arg,记得,short,经理想知道,厨师,为什么,记得,服务员,,接待了,乞丐,经理想知道谁记得服务员接待了乞丐。
203082,3,arg,记得,long,经理想知道,厨师,,记得,服务员,为什么,接待了,乞丐,经理想知道厨师记得服务员接待了谁。
203091,3,arg,猜,short,经理想知道,厨师,为什么,猜,服务员,,接待了,乞丐,经理想知道谁猜服务员接待了乞丐。
203092,3,arg,猜,long,经理想知道,厨师,,猜,服务员,为什么,接待了,乞丐,经理想知道厨师猜服务员接待了谁。
203101,3,arg,假装,short,经理想知道,厨师,为什么,假装,服务员,,接待了,乞丐,经理想知道谁假装服务员接待了乞丐。
203102,3,arg,假装,long,经理想知道,厨师,,假装,服务员,为什么,接待了,乞丐,经理想知道厨师假装服务员接待了谁。
203111,3,arg,害怕,short,经理想知道,厨师,为什么,害怕,服务员,,接待了,乞丐,经理想知道谁害怕服务员接待了乞丐。
203112,3,arg,害怕,long,经理想知道,厨师,,害怕,服务员,为什么,接待了,乞丐,经理想知道厨师害怕服务员接待了谁。
203121,3,arg,感觉,short,经理想知道,厨师,为什么,感觉,服务员,,接待了,乞丐,经理想知道谁感觉服务员接待了乞丐。
203122,3,arg,感觉,long,经理想知道,厨师,,感觉,服务员,为什么,接待了,乞丐,经理想知道厨师感觉服务员接待了谁。
203131,3,arg,认为,short,经理想知道,厨师,为什么,认为,服务员,,接待了,乞丐,经理想知道谁认为服务员接待了乞丐。
203132,3,arg,认为,long,经理想知道,厨师,,认为,服务员,为什么,接待了,乞丐,经理想知道厨师认为服务员接待了谁。
203141,3,arg,写,short,经理想知道,厨师,为什么,写,服务员,,接待了,乞丐,经理想知道谁写服务员接待了乞丐。
203142,3,arg,写,long,经理想知道,厨师,,写,服务员,为什么,接待了,乞丐,经理想知道厨师写服务员接待了谁。
204011,4,arg,说,short,教授想知道,工程师,为什么,说,秘书,,批评了,运动员,教授想知道谁说秘书批评了运动员。
204012,4,arg,说,long,教授想知道,工程师,,说,秘书,为什么,批评了,运动员,教授想知道工程师说秘书批评了谁。
204021,4,arg,觉得,short,教授想知道,工程师,为什么,觉得,秘书,,批评了,运动员,教授想知道谁觉得秘书批评了运动员。
204022,4,arg,觉得,long,教授想知道,工程师,,觉得,秘书,为什么,批评了,运动员,教授想知道工程师觉得秘书批评了谁。
204031,4,arg,希望,short,教授想知道,工程师,为什么,希望,秘书,,批评了,运动员,教授想知道谁希望秘书批评了运动员。
204032,4,arg,希望,long,教授想知道,工程师,,希望,秘书,为什么,批评了,运动员,教授想知道工程师希望秘书批评了谁。
204041,4,arg,说明,short,教授想知道,工程师,为什么,说明,秘书,,批评了,运动员,教授想知道谁说明秘书批评了运动员。
204042,4,arg,说明,long,教授想知道,工程师,,说明,秘书,为什么,批评了,运动员,教授想知道工程师说明秘书批评了谁。
204051,4,arg,想,short,教授想知道,工程师,为什么,想,秘书,,批评了,运动员,教授想知道谁想秘书批评了运动员。
204052,4,arg,想,long,教授想知道,工程师,,想,秘书,为什么,批评了,运动员,教授想知道工程师想秘书批评了谁。
204061,4,arg,怕,short,教授想知道,工程师,为什么,怕,秘书,,批评了,运动员,教授想知道谁怕秘书批评了运动员。
204062,4,arg,怕,long,教授想知道,工程师,,怕,秘书,为什么,批评了,运动员,教授想知道工程师怕秘书批评了谁。
204071,4,arg,喜欢,short,教授想知道,工程师,为什么,喜欢,秘书,,批评了,运动员,教授想知道谁喜欢秘书批评了运动员。
204072,4,arg,喜欢,long,教授想知道,工程师,,喜欢,秘书,为什么,批评了,运动员,教授想知道工程师喜欢秘书批评了谁。
204081,4,arg,记得,short,教授想知道,工程师,为什么,记得,秘书,,批评了,运动员,教授想知道谁记得秘书批评了运动员。
204082,4,arg,记得,long,教授想知道,工程师,,记得,秘书,为什么,批评了,运动员,教授想知道工程师记得秘书批评了谁。
204091,4,arg,猜,short,教授想知道,工程师,为什么,猜,秘书,,批评了,运动员,教授想知道谁猜秘书批评了运动员。
204092,4,arg,猜,long,教授想知道,工程师,,猜,秘书,为什么,批评了,运动员,教授想知道工程师猜秘书批评了谁。
204101,4,arg,假装,short,教授想知道,工程师,为什么,假装,秘书,,批评了,运动员,教授想知道谁假装秘书批评了运动员。
204102,4,arg,假装,long,教授想知道,工程师,,假装,秘书,为什么,批评了,运动员,教授想知道工程师假装秘书批评了谁。
204111,4,arg,害怕,short,教授想知道,工程师,为什么,害怕,秘书,,批评了,运动员,教授想知道谁害怕秘书批评了运动员。
204112,4,arg,害怕,long,教授想知道,工程师,,害怕,秘书,为什么,批评了,运动员,教授想知道工程师害怕秘书批评了谁。
204121,4,arg,感觉,short,教授想知道,工程师,为什么,感觉,秘书,,批评了,运动员,教授想知道谁感觉秘书批评了运动员。
204122,4,arg,感觉,long,教授想知道,工程师,,感觉,秘书,为什么,批评了,运动员,教授想知道工程师感觉秘书批评了谁。
204131,4,arg,认为,short,教授想知道,工程师,为什么,认为,秘书,,批评了,运动员,教授想知道谁认为秘书批评了运动员。
204132,4,arg,认为,long,教授想知道,工程师,,认为,秘书,为什么,批评了,运动员,教授想知道工程师认为秘书批评了谁。
204141,4,arg,写,short,教授想知道,工程师,为什么,写,秘书,,批评了,运动员,教授想知道谁写秘书批评了运动员。
204142,4,arg,写,long,教授想知道,工程师,,写,秘书,为什么,批评了,运动员,教授想知道工程师写秘书批评了谁。
205011,5,arg,说,short,市长想知道,议员,为什么,说,艺术家,,联系了,毒枭,市长想知道谁说艺术家联系了毒枭。
205012,5,arg,说,long,市长想知道,议员,,说,艺术家,为什么,联系了,毒枭,市长想知道议员说艺术家联系了谁。
205021,5,arg,觉得,short,市长想知道,议员,为什么,觉得,艺术家,,联系了,毒枭,市长想知道谁觉得艺术家联系了毒枭。
205022,5,arg,觉得,long,市长想知道,议员,,觉得,艺术家,为什么,联系了,毒枭,市长想知道议员觉得艺术家联系了谁。
205031,5,arg,希望,short,市长想知道,议员,为什么,希望,艺术家,,联系了,毒枭,市长想知道谁希望艺术家联系了毒枭。
205032,5,arg,希望,long,市长想知道,议员,,希望,艺术家,为什么,联系了,毒枭,市长想知道议员希望艺术家联系了谁。
205041,5,arg,说明,short,市长想知道,议员,为什么,说明,艺术家,,联系了,毒枭,市长想知道谁说明艺术家联系了毒枭。
205042,5,arg,说明,long,市长想知道,议员,,说明,艺术家,为什么,联系了,毒枭,市长想知道议员说明艺术家联系了谁。
205051,5,arg,想,short,市长想知道,议员,为什么,想,艺术家,,联系了,毒枭,市长想知道谁想艺术家联系了毒枭。
205052,5,arg,想,long,市长想知道,议员,,想,艺术家,为什么,联系了,毒枭,市长想知道议员想艺术家联系了谁。
205061,5,arg,怕,short,市长想知道,议员,为什么,怕,艺术家,,联系了,毒枭,市长想知道谁怕艺术家联系了毒枭。
205062,5,arg,怕,long,市长想知道,议员,,怕,艺术家,为什么,联系了,毒枭,市长想知道议员怕艺术家联系了谁。
205071,5,arg,喜欢,short,市长想知道,议员,为什么,喜欢,艺术家,,联系了,毒枭,市长想知道谁喜欢艺术家联系了毒枭。
205072,5,arg,喜欢,long,市长想知道,议员,,喜欢,艺术家,为什么,联系了,毒枭,市长想知道议员喜欢艺术家联系了谁。
205081,5,arg,记得,short,市长想知道,议员,为什么,记得,艺术家,,联系了,毒枭,市长想知道谁记得艺术家联系了毒枭。
205082,5,arg,记得,long,市长想知道,议员,,记得,艺术家,为什么,联系了,毒枭,市长想知道议员记得艺术家联系了谁。
205091,5,arg,猜,short,市长想知道,议员,为什么,猜,艺术家,,联系了,毒枭,市长想知道谁猜艺术家联系了毒枭。
205092,5,arg,猜,long,市长想知道,议员,,猜,艺术家,为什么,联系了,毒枭,市长想知道议员猜艺术家联系了谁。
205101,5,arg,假装,short,市长想知道,议员,为什么,假装,艺术家,,联系了,毒枭,市长想知道谁假装艺术家联系了毒枭。
205102,5,arg,假装,long,市长想知道,议员,,假装,艺术家,为什么,联系了,毒枭,市长想知道议员假装艺术家联系了谁。
205111,5,arg,害怕,short,市长想知道,议员,为什么,害怕,艺术家,,联系了,毒枭,市长想知道谁害怕艺术家联系了毒枭。
205112,5,arg,害怕,long,市长想知道,议员,,害怕,艺术家,为什么,联系了,毒枭,市长想知道议员害怕艺术家联系了谁。
205121,5,arg,感觉,short,市长想知道,议员,为什么,感觉,艺术家,,联系了,毒枭,市长想知道谁感觉艺术家联系了毒枭。
205122,5,arg,感觉,long,市长想知道,议员,,感觉,艺术家,为什么,联系了,毒枭,市长想知道议员感觉艺术家联系了谁。
205131,5,arg,认为,short,市长想知道,议员,为什么,认为,艺术家,,联系了,毒枭,市长想知道谁认为艺术家联系了毒枭。
205132,5,arg,认为,long,市长想知道,议员,,认为,艺术家,为什么,联系了,毒枭,市长想知道议员认为艺术家联系了谁。
205141,5,arg,写,short,市长想知道,议员,为什么,写,艺术家,,联系了,毒枭,市长想知道谁写艺术家联系了毒枭。
205142,5,arg,写,long,市长想知道,议员,,写,艺术家,为什么,联系了,毒枭,市长想知道议员写艺术家联系了谁。
206011,6,arg,说,short,检察官想知道,教练员,为什么,说,音乐家,,开除了,保镖,检察官想知道谁说音乐家开除了保镖。
206012,6,arg,说,long,检察官想知道,教练员,,说,音乐家,为什么,开除了,保镖,检察官想知道教练员说音乐家开除了谁。
206021,6,arg,觉得,short,检察官想知道,教练员,为什么,觉得,音乐家,,开除了,保镖,检察官想知道谁觉得音乐家开除了保镖。
206022,6,arg,觉得,long,检察官想知道,教练员,,觉得,音乐家,为什么,开除了,保镖,检察官想知道教练员觉得音乐家开除了谁。
206031,6,arg,希望,short,检察官想知道,教练员,为什么,希望,音乐家,,开除了,保镖,检察官想知道谁希望音乐家开除了保镖。
206032,6,arg,希望,long,检察官想知道,教练员,,希望,音乐家,为什么,开除了,保镖,检察官想知道教练员希望音乐家开除了谁。
206041,6,arg,说明,short,检察官想知道,教练员,为什么,说明,音乐家,,开除了,保镖,检察官想知道谁说明音乐家开除了保镖。
206042,6,arg,说明,long,检察官想知道,教练员,,说明,音乐家,为什么,开除了,保镖,检察官想知道教练员说明音乐家开除了谁。
206051,6,arg,想,short,检察官想知道,教练员,为什么,想,音乐家,,开除了,保镖,检察官想知道谁想音乐家开除了保镖。
206052,6,arg,想,long,检察官想知道,教练员,,想,音乐家,为什么,开除了,保镖,检察官想知道教练员想音乐家开除了谁。
206061,6,arg,怕,short,检察官想知道,教练员,为什么,怕,音乐家,,开除了,保镖,检察官想知道谁怕音乐家开除了保镖。
206062,6,arg,怕,long,检察官想知道,教练员,,怕,音乐家,为什么,开除了,保镖,检察官想知道教练员怕音乐家开除了谁。
206071,6,arg,喜欢,short,检察官想知道,教练员,为什么,喜欢,音乐家,,开除了,保镖,检察官想知道谁喜欢音乐家开除了保镖。
206072,6,arg,喜欢,long,检察官想知道,教练员,,喜欢,音乐家,为什么,开除了,保镖,检察官想知道教练员喜欢音乐家开除了谁。
206081,6,arg,记得,short,检察官想知道,教练员,为什么,记得,音乐家,,开除了,保镖,检察官想知道谁记得音乐家开除了保镖。
206082,6,arg,记得,long,检察官想知道,教练员,,记得,音乐家,为什么,开除了,保镖,检察官想知道教练员记得音乐家开除了谁。
206091,6,arg,猜,short,检察官想知道,教练员,为什么,猜,音乐家,,开除了,保镖,检察官想知道谁猜音乐家开除了保镖。
206092,6,arg,猜,long,检察官想知道,教练员,,猜,音乐家,为什么,开除了,保镖,检察官想知道教练员猜音乐家开除了谁。
206101,6,arg,假装,short,检察官想知道,教练员,为什么,假装,音乐家,,开除了,保镖,检察官想知道谁假装音乐家开除了保镖。
206102,6,arg,假装,long,检察官想知道,教练员,,假装,音乐家,为什么,开除了,保镖,检察官想知道教练员假装音乐家开除了谁。
206111,6,arg,害怕,short,检察官想知道,教练员,为什么,害怕,音乐家,,开除了,保镖,检察官想知道谁害怕音乐家开除了保镖。
206112,6,arg,害怕,long,检察官想知道,教练员,,害怕,音乐家,为什么,开除了,保镖,检察官想知道教练员害怕音乐家开除了谁。
206121,6,arg,感觉,short,检察官想知道,教练员,为什么,感觉,音乐家,,开除了,保镖,检察官想知道谁感觉音乐家开除了保镖。
206122,6,arg,感觉,long,检察官想知道,教练员,,感觉,音乐家,为什么,开除了,保镖,检察官想知道教练员感觉音乐家开除了谁。
206131,6,arg,认为,short,检察官想知道,教练员,为什么,认为,音乐家,,开除了,保镖,检察官想知道谁认为音乐家开除了保镖。
206132,6,arg,认为,long,检察官想知道,教练员,,认为,音乐家,为什么,开除了,保镖,检察官想知道教练员认为音乐家开除了谁。
206141,6,arg,写,short,检察官想知道,教练员,为什么,写,音乐家,,开除了,保镖,检察官想知道谁写音乐家开除了保镖。
206142,6,arg,写,long,检察官想知道,教练员,,写,音乐家,为什么,开除了,保镖,检察官想知道教练员写音乐家开除了谁。
207011,7,arg,说,short,村长想知道,农民,为什么,说,电工,,无视了,领导,村长想知道谁说电工无视了领导。
207012,7,arg,说,long,村长想知道,农民,,说,电工,为什么,无视了,领导,村长想知道农民说电工无视了谁。
207021,7,arg,觉得,short,村长想知道,农民,为什么,觉得,电工,,无视了,领导,村长想知道谁觉得电工无视了领导。
207022,7,arg,觉得,long,村长想知道,农民,,觉得,电工,为什么,无视了,领导,村长想知道农民觉得电工无视了谁。
207031,7,arg,希望,short,村长想知道,农民,为什么,希望,电工,,无视了,领导,村长想知道谁希望电工无视了领导。
207032,7,arg,希望,long,村长想知道,农民,,希望,电工,为什么,无视了,领导,村长想知道农民希望电工无视了谁。
207041,7,arg,说明,short,村长想知道,农民,为什么,说明,电工,,无视了,领导,村长想知道谁说明电工无视了领导。
207042,7,arg,说明,long,村长想知道,农民,,说明,电工,为什么,无视了,领导,村长想知道农民说明电工无视了谁。
207051,7,arg,想,short,村长想知道,农民,为什么,想,电工,,无视了,领导,村长想知道谁想电工无视了领导。
207052,7,arg,想,long,村长想知道,农民,,想,电工,为什么,无视了,领导,村长想知道农民想电工无视了谁。
207061,7,arg,怕,short,村长想知道,农民,为什么,怕,电工,,无视了,领导,村长想知道谁怕电工无视了领导。
207062,7,arg,怕,long,村长想知道,农民,,怕,电工,为什么,无视了,领导,村长想知道农民怕电工无视了谁。
207071,7,arg,喜欢,short,村长想知道,农民,为什么,喜欢,电工,,无视了,领导,村长想知道谁喜欢电工无视了领导。
207072,7,arg,喜欢,long,村长想知道,农民,,喜欢,电工,为什么,无视了,领导,村长想知道农民喜欢电工无视了谁。
207081,7,arg,记得,short,村长想知道,农民,为什么,记得,电工,,无视了,领导,村长想知道谁记得电工无视了领导。
207082,7,arg,记得,long,村长想知道,农民,,记得,电工,为什么,无视了,领导,村长想知道农民记得电工无视了谁。
207091,7,arg,猜,short,村长想知道,农民,为什么,猜,电工,,无视了,领导,村长想知道谁猜电工无视了领导。
207092,7,arg,猜,long,村长想知道,农民,,猜,电工,为什么,无视了,领导,村长想知道农民猜电工无视了谁。
207101,7,arg,假装,short,村长想知道,农民,为什么,假装,电工,,无视了,领导,村长想知道谁假装电工无视了领导。
207102,7,arg,假装,long,村长想知道,农民,,假装,电工,为什么,无视了,领导,村长想知道农民假装电工无视了谁。
207111,7,arg,害怕,short,村长想知道,农民,为什么,害怕,电工,,无视了,领导,村长想知道谁害怕电工无视了领导。
207112,7,arg,害怕,long,村长想知道,农民,,害怕,电工,为什么,无视了,领导,村长想知道农民害怕电工无视了谁。
207121,7,arg,感觉,short,村长想知道,农民,为什么,感觉,电工,,无视了,领导,村长想知道谁感觉电工无视了领导。
207122,7,arg,感觉,long,村长想知道,农民,,感觉,电工,为什么,无视了,领导,村长想知道农民感觉电工无视了谁。
207131,7,arg,认为,short,村长想知道,农民,为什么,认为,电工,,无视了,领导,村长想知道谁认为电工无视了领导。
207132,7,arg,认为,long,村长想知道,农民,,认为,电工,为什么,无视了,领导,村长想知道农民认为电工无视了谁。
207141,7,arg,写,short,村长想知道,农民,为什么,写,电工,,无视了,领导,村长想知道谁写电工无视了领导。
207142,7,arg,写,long,村长想知道,农民,,写,电工,为什么,无视了,领导,村长想知道农民写电工无视了谁。
208011,8,arg,说,short,侦探想知道,售货员,为什么,说,飞行员,,羞辱了,卡车司机,侦探想知道谁说飞行员羞辱了卡车司机。
208012,8,arg,说,long,侦探想知道,售货员,,说,飞行员,为什么,羞辱了,卡车司机,侦探想知道售货员说飞行员羞辱了谁。
208021,8,arg,觉得,short,侦探想知道,售货员,为什么,觉得,飞行员,,羞辱了,卡车司机,侦探想知道谁觉得飞行员羞辱了卡车司机。
208022,8,arg,觉得,long,侦探想知道,售货员,,觉得,飞行员,为什么,羞辱了,卡车司机,侦探想知道售货员觉得飞行员羞辱了谁。
208031,8,arg,希望,short,侦探想知道,售货员,为什么,希望,飞行员,,羞辱了,卡车司机,侦探想知道谁希望飞行员羞辱了卡车司机。
208032,8,arg,希望,long,侦探想知道,售货员,,希望,飞行员,为什么,羞辱了,卡车司机,侦探想知道售货员希望飞行员羞辱了谁。
208041,8,arg,说明,short,侦探想知道,售货员,为什么,说明,飞行员,,羞辱了,卡车司机,侦探想知道谁说明飞行员羞辱了卡车司机。
208042,8,arg,说明,long,侦探想知道,售货员,,说明,飞行员,为什么,羞辱了,卡车司机,侦探想知道售货员说明飞行员羞辱了谁。
208051,8,arg,想,short,侦探想知道,售货员,为什么,想,飞行员,,羞辱了,卡车司机,侦探想知道谁想飞行员羞辱了卡车司机。
208052,8,arg,想,long,侦探想知道,售货员,,想,飞行员,为什么,羞辱了,卡车司机,侦探想知道售货员想飞行员羞辱了谁。
208061,8,arg,怕,short,侦探想知道,售货员,为什么,怕,飞行员,,羞辱了,卡车司机,侦探想知道谁怕飞行员羞辱了卡车司机。
208062,8,arg,怕,long,侦探想知道,售货员,,怕,飞行员,为什么,羞辱了,卡车司机,侦探想知道售货员怕飞行员羞辱了谁。
208071,8,arg,喜欢,short,侦探想知道,售货员,为什么,喜欢,飞行员,,羞辱了,卡车司机,侦探想知道谁喜欢飞行员羞辱了卡车司机。
208072,8,arg,喜欢,long,侦探想知道,售货员,,喜欢,飞行员,为什么,羞辱了,卡车司机,侦探想知道售货员喜欢飞行员羞辱了谁。
208081,8,arg,记得,short,侦探想知道,售货员,为什么,记得,飞行员,,羞辱了,卡车司机,侦探想知道谁记得飞行员羞辱了卡车司机。
208082,8,arg,记得,long,侦探想知道,售货员,,记得,飞行员,为什么,羞辱了,卡车司机,侦探想知道售货员记得飞行员羞辱了谁。
208091,8,arg,猜,short,侦探想知道,售货员,为什么,猜,飞行员,,羞辱了,卡车司机,侦探想知道谁猜飞行员羞辱了卡车司机。
208092,8,arg,猜,long,侦探想知道,售货员,,猜,飞行员,为什么,羞辱了,卡车司机,侦探想知道售货员猜飞行员羞辱了谁。
208101,8,arg,假装,short,侦探想知道,售货员,为什么,假装,飞行员,,羞辱了,卡车司机,侦探想知道谁假装飞行员羞辱了卡车司机。
208102,8,arg,假装,long,侦探想知道,售货员,,假装,飞行员,为什么,羞辱了,卡车司机,侦探想知道售货员假装飞行员羞辱了谁。
208111,8,arg,害怕,short,侦探想知道,售货员,为什么,害怕,飞行员,,羞辱了,卡车司机,侦探想知道谁害怕飞行员羞辱了卡车司机。
208112,8,arg,害怕,long,侦探想知道,售货员,,害怕,飞行员,为什么,羞辱了,卡车司机,侦探想知道售货员害怕飞行员羞辱了谁。
208121,8,arg,感觉,short,侦探想知道,售货员,为什么,感觉,飞行员,,羞辱了,卡车司机,侦探想知道谁感觉飞行员羞辱了卡车司机。
208122,8,arg,感觉,long,侦探想知道,售货员,,感觉,飞行员,为什么,羞辱了,卡车司机,侦探想知道售货员感觉飞行员羞辱了谁。
208131,8,arg,认为,short,侦探想知道,售货员,为什么,认为,飞行员,,羞辱了,卡车司机,侦探想知道谁认为飞行员羞辱了卡车司机。
208132,8,arg,认为,long,侦探想知道,售货员,,认为,飞行员,为什么,羞辱了,卡车司机,侦探想知道售货员认为飞行员羞辱了谁。
208141,8,arg,写,short,侦探想知道,售货员,为什么,写,飞行员,,羞辱了,卡车司机,侦探想知道谁写飞行员羞辱了卡车司机。
208142,8,arg,写,long,侦探想知道,售货员,,写,飞行员,为什么,羞辱了,卡车司机,侦探想知道售货员写飞行员羞辱了谁。
209011,9,arg,说,short,将军想知道,间谍,为什么,说,士兵,,跟踪了,总统,将军想知道谁说士兵跟踪了总统。
209012,9,arg,说,long,将军想知道,间谍,,说,士兵,为什么,跟踪了,总统,将军想知道间谍说士兵跟踪了谁。
209021,9,arg,觉得,short,将军想知道,间谍,为什么,觉得,士兵,,跟踪了,总统,将军想知道谁觉得士兵跟踪了总统。
209022,9,arg,觉得,long,将军想知道,间谍,,觉得,士兵,为什么,跟踪了,总统,将军想知道间谍觉得士兵跟踪了谁。
209031,9,arg,希望,short,将军想知道,间谍,为什么,希望,士兵,,跟踪了,总统,将军想知道谁希望士兵跟踪了总统。
209032,9,arg,希望,long,将军想知道,间谍,,希望,士兵,为什么,跟踪了,总统,将军想知道间谍希望士兵跟踪了谁。
209041,9,arg,说明,short,将军想知道,间谍,为什么,说明,士兵,,跟踪了,总统,将军想知道谁说明士兵跟踪了总统。
209042,9,arg,说明,long,将军想知道,间谍,,说明,士兵,为什么,跟踪了,总统,将军想知道间谍说明士兵跟踪了谁。
209051,9,arg,想,short,将军想知道,间谍,为什么,想,士兵,,跟踪了,总统,将军想知道谁想士兵跟踪了总统。
209052,9,arg,想,long,将军想知道,间谍,,想,士兵,为什么,跟踪了,总统,将军想知道间谍想士兵跟踪了谁。
209061,9,arg,怕,short,将军想知道,间谍,为什么,怕,士兵,,跟踪了,总统,将军想知道谁怕士兵跟踪了总统。
209062,9,arg,怕,long,将军想知道,间谍,,怕,士兵,为什么,跟踪了,总统,将军想知道间谍怕士兵跟踪了谁。
209071,9,arg,喜欢,short,将军想知道,间谍,为什么,喜欢,士兵,,跟踪了,总统,将军想知道谁喜欢士兵跟踪了总统。
209072,9,arg,喜欢,long,将军想知道,间谍,,喜欢,士兵,为什么,跟踪了,总统,将军想知道间谍喜欢士兵跟踪了谁。
209081,9,arg,记得,short,将军想知道,间谍,为什么,记得,士兵,,跟踪了,总统,将军想知道谁记得士兵跟踪了总统。
209082,9,arg,记得,long,将军想知道,间谍,,记得,士兵,为什么,跟踪了,总统,将军想知道间谍记得士兵跟踪了谁。
209091,9,arg,猜,short,将军想知道,间谍,为什么,猜,士兵,,跟踪了,总统,将军想知道谁猜士兵跟踪了总统。
209092,9,arg,猜,long,将军想知道,间谍,,猜,士兵,为什么,跟踪了,总统,将军想知道间谍猜士兵跟踪了谁。
209101,9,arg,假装,short,将军想知道,间谍,为什么,假装,士兵,,跟踪了,总统,将军想知道谁假装士兵跟踪了总统。
209102,9,arg,假装,long,将军想知道,间谍,,假装,士兵,为什么,跟踪了,总统,将军想知道间谍假装士兵跟踪了谁。
209111,9,arg,害怕,short,将军想知道,间谍,为什么,害怕,士兵,,跟踪了,总统,将军想知道谁害怕士兵跟踪了总统。
209112,9,arg,害怕,long,将军想知道,间谍,,害怕,士兵,为什么,跟踪了,总统,将军想知道间谍害怕士兵跟踪了谁。
209121,9,arg,感觉,short,将军想知道,间谍,为什么,感觉,士兵,,跟踪了,总统,将军想知道谁感觉士兵跟踪了总统。
209122,9,arg,感觉,long,将军想知道,间谍,,感觉,士兵,为什么,跟踪了,总统,将军想知道间谍感觉士兵跟踪了谁。
209131,9,arg,认为,short,将军想知道,间谍,为什么,认为,士兵,,跟踪了,总统,将军想知道谁认为士兵跟踪了总统。
209132,9,arg,认为,long,将军想知道,间谍,,认为,士兵,为什么,跟踪了,总统,将军想知道间谍认为士兵跟踪了谁。
209141,9,arg,写,short,将军想知道,间谍,为什么,写,士兵,,跟踪了,总统,将军想知道谁写士兵跟踪了总统。
209142,9,arg,写,long,将军想知道,间谍,,写,士兵,为什么,跟踪了,总统,将军想知道间谍写士兵跟踪了谁。
210011,10,arg,说,short,导游想知道,外国人,为什么,说,保安,,袭击了,商贩,导游想知道谁说保安袭击了商贩。
210012,10,arg,说,long,导游想知道,外国人,,说,保安,为什么,袭击了,商贩,导游想知道外国人说保安袭击了谁。
210021,10,arg,觉得,short,导游想知道,外国人,为什么,觉得,保安,,袭击了,商贩,导游想知道谁觉得保安袭击了商贩。
210022,10,arg,觉得,long,导游想知道,外国人,,觉得,保安,为什么,袭击了,商贩,导游想知道外国人觉得保安袭击了谁。
210031,10,arg,希望,short,导游想知道,外国人,为什么,希望,保安,,袭击了,商贩,导游想知道谁希望保安袭击了商贩。
210032,10,arg,希望,long,导游想知道,外国人,,希望,保安,为什么,袭击了,商贩,导游想知道外国人希望保安袭击了谁。
210041,10,arg,说明,short,导游想知道,外国人,为什么,说明,保安,,袭击了,商贩,导游想知道谁说明保安袭击了商贩。
210042,10,arg,说明,long,导游想知道,外国人,,说明,保安,为什么,袭击了,商贩,导游想知道外国人说明保安袭击了谁。
210051,10,arg,想,short,导游想知道,外国人,为什么,想,保安,,袭击了,商贩,导游想知道谁想保安袭击了商贩。
210052,10,arg,想,long,导游想知道,外国人,,想,保安,为什么,袭击了,商贩,导游想知道外国人想保安袭击了谁。
210061,10,arg,怕,short,导游想知道,外国人,为什么,怕,保安,,袭击了,商贩,导游想知道谁怕保安袭击了商贩。
210062,10,arg,怕,long,导游想知道,外国人,,怕,保安,为什么,袭击了,商贩,导游想知道外国人怕保安袭击了谁。
210071,10,arg,喜欢,short,导游想知道,外国人,为什么,喜欢,保安,,袭击了,商贩,导游想知道谁喜欢保安袭击了商贩。
210072,10,arg,喜欢,long,导游想知道,外国人,,喜欢,保安,为什么,袭击了,商贩,导游想知道外国人喜欢保安袭击了谁。
210081,10,arg,记得,short,导游想知道,外国人,为什么,记得,保安,,袭击了,商贩,导游想知道谁记得保安袭击了商贩。
210082,10,arg,记得,long,导游想知道,外国人,,记得,保安,为什么,袭击了,商贩,导游想知道外国人记得保安袭击了谁。
210091,10,arg,猜,short,导游想知道,外国人,为什么,猜,保安,,袭击了,商贩,导游想知道谁猜保安袭击了商贩。
210092,10,arg,猜,long,导游想知道,外国人,,猜,保安,为什么,袭击了,商贩,导游想知道外国人猜保安袭击了谁。
210101,10,arg,假装,short,导游想知道,外国人,为什么,假装,保安,,袭击了,商贩,导游想知道谁假装保安袭击了商贩。
210102,10,arg,假装,long,导游想知道,外国人,,假装,保安,为什么,袭击了,商贩,导游想知道外国人假装保安袭击了谁。
210111,10,arg,害怕,short,导游想知道,外国人,为什么,害怕,保安,,袭击了,商贩,导游想知道谁害怕保安袭击了商贩。
210112,10,arg,害怕,long,导游想知道,外国人,,害怕,保安,为什么,袭击了,商贩,导游想知道外国人害怕保安袭击了谁。
210121,10,arg,感觉,short,导游想知道,外国人,为什么,感觉,保安,,袭击了,商贩,导游想知道谁感觉保安袭击了商贩。
210122,10,arg,感觉,long,导游想知道,外国人,,感觉,保安,为什么,袭击了,商贩,导游想知道外国人感觉保安袭击了谁。
210131,10,arg,认为,short,导游想知道,外国人,为什么,认为,保安,,袭击了,商贩,导游想知道谁认为保安袭击了商贩。
210132,10,arg,认为,long,导游想知道,外国人,,认为,保安,为什么,袭击了,商贩,导游想知道外国人认为保安袭击了谁。
210141,10,arg,写,short,导游想知道,外国人,为什么,写,保安,,袭击了,商贩,导游想知道谁写保安袭击了商贩。
210142,10,arg,写,long,导游想知道,外国人,,写,保安,为什么,袭击了,商贩,导游想知道外国人写保安袭击了谁。
211011,11,arg,说,short,政客想知道,医生,为什么,说,护士,,推倒了,男孩,政客想知道谁说护士推倒了男孩。
211012,11,arg,说,long,政客想知道,医生,,说,护士,为什么,推倒了,男孩,政客想知道医生说护士推倒了谁。
211021,11,arg,觉得,short,政客想知道,医生,为什么,觉得,护士,,推倒了,男孩,政客想知道谁觉得护士推倒了男孩。
211022,11,arg,觉得,long,政客想知道,医生,,觉得,护士,为什么,推倒了,男孩,政客想知道医生觉得护士推倒了谁。
211031,11,arg,希望,short,政客想知道,医生,为什么,希望,护士,,推倒了,男孩,政客想知道谁希望护士推倒了男孩。
211032,11,arg,希望,long,政客想知道,医生,,希望,护士,为什么,推倒了,男孩,政客想知道医生希望护士推倒了谁。
211041,11,arg,说明,short,政客想知道,医生,为什么,说明,护士,,推倒了,男孩,政客想知道谁说明护士推倒了男孩。
211042,11,arg,说明,long,政客想知道,医生,,说明,护士,为什么,推倒了,男孩,政客想知道医生说明护士推倒了谁。
211051,11,arg,想,short,政客想知道,医生,为什么,想,护士,,推倒了,男孩,政客想知道谁想护士推倒了男孩。
211052,11,arg,想,long,政客想知道,医生,,想,护士,为什么,推倒了,男孩,政客想知道医生想护士推倒了谁。
211061,11,arg,怕,short,政客想知道,医生,为什么,怕,护士,,推倒了,男孩,政客想知道谁怕护士推倒了男孩。
211062,11,arg,怕,long,政客想知道,医生,,怕,护士,为什么,推倒了,男孩,政客想知道医生怕护士推倒了谁。
211071,11,arg,喜欢,short,政客想知道,医生,为什么,喜欢,护士,,推倒了,男孩,政客想知道谁喜欢护士推倒了男孩。
211072,11,arg,喜欢,long,政客想知道,医生,,喜欢,护士,为什么,推倒了,男孩,政客想知道医生喜欢护士推倒了谁。
211081,11,arg,记得,short,政客想知道,医生,为什么,记得,护士,,推倒了,男孩,政客想知道谁记得护士推倒了男孩。
211082,11,arg,记得,long,政客想知道,医生,,记得,护士,为什么,推倒了,男孩,政客想知道医生记得护士推倒了谁。
211091,11,arg,猜,short,政客想知道,医生,为什么,猜,护士,,推倒了,男孩,政客想知道谁猜护士推倒了男孩。
211092,11,arg,猜,long,政客想知道,医生,,猜,护士,为什么,推倒了,男孩,政客想知道医生猜护士推倒了谁。
211101,11,arg,假装,short,政客想知道,医生,为什么,假装,护士,,推倒了,男孩,政客想知道谁假装护士推倒了男孩。
211102,11,arg,假装,long,政客想知道,医生,,假装,护士,为什么,推倒了,男孩,政客想知道医生假装护士推倒了谁。
211111,11,arg,害怕,short,政客想知道,医生,为什么,害怕,护士,,推倒了,男孩,政客想知道谁害怕护士推倒了男孩。
211112,11,arg,害怕,long,政客想知道,医生,,害怕,护士,为什么,推倒了,男孩,政客想知道医生害怕护士推倒了谁。
211121,11,arg,感觉,short,政客想知道,医生,为什么,感觉,护士,,推倒了,男孩,政客想知道谁感觉护士推倒了男孩。
211122,11,arg,感觉,long,政客想知道,医生,,感觉,护士,为什么,推倒了,男孩,政客想知道医生感觉护士推倒了谁。
211131,11,arg,认为,short,政客想知道,医生,为什么,认为,护士,,推倒了,男孩,政客想知道谁认为护士推倒了男孩。
211132,11,arg,认为,long,政客想知道,医生,,认为,护士,为什么,推倒了,男孩,政客想知道医生认为护士推倒了谁。
211141,11,arg,写,short,政客想知道,医生,为什么,写,护士,,推倒了,男孩,政客想知道谁写护士推倒了男孩。
211142,11,arg,写,long,政客想知道,医生,,写,护士,为什么,推倒了,男孩,政客想知道医生写护士推倒了谁。
212011,12,arg,说,short,包工头想知道,和尚,为什么,说,播音员,,打伤了,算命先生,包工头想知道谁说播音员打伤了算命先生。
212012,12,arg,说,long,包工头想知道,和尚,,说,播音员,为什么,打伤了,算命先生,包工头想知道和尚说播音员打伤了谁。
212021,12,arg,觉得,short,包工头想知道,和尚,为什么,觉得,播音员,,打伤了,算命先生,包工头想知道谁觉得播音员打伤了算命先生。
212022,12,arg,觉得,long,包工头想知道,和尚,,觉得,播音员,为什么,打伤了,算命先生,包工头想知道和尚觉得播音员打伤了谁。
212031,12,arg,希望,short,包工头想知道,和尚,为什么,希望,播音员,,打伤了,算命先生,包工头想知道谁希望播音员打伤了算命先生。
212032,12,arg,希望,long,包工头想知道,和尚,,希望,播音员,为什么,打伤了,算命先生,包工头想知道和尚希望播音员打伤了谁。
212041,12,arg,说明,short,包工头想知道,和尚,为什么,说明,播音员,,打伤了,算命先生,包工头想知道谁说明播音员打伤了算命先生。
212042,12,arg,说明,long,包工头想知道,和尚,,说明,播音员,为什么,打伤了,算命先生,包工头想知道和尚说明播音员打伤了谁。
212051,12,arg,想,short,包工头想知道,和尚,为什么,想,播音员,,打伤了,算命先生,包工头想知道谁想播音员打伤了算命先生。
212052,12,arg,想,long,包工头想知道,和尚,,想,播音员,为什么,打伤了,算命先生,包工头想知道和尚想播音员打伤了谁。
212061,12,arg,怕,short,包工头想知道,和尚,为什么,怕,播音员,,打伤了,算命先生,包工头想知道谁怕播音员打伤了算命先生。
212062,12,arg,怕,long,包工头想知道,和尚,,怕,播音员,为什么,打伤了,算命先生,包工头想知道和尚怕播音员打伤了谁。
212071,12,arg,喜欢,short,包工头想知道,和尚,为什么,喜欢,播音员,,打伤了,算命先生,包工头想知道谁喜欢播音员打伤了算命先生。
212072,12,arg,喜欢,long,包工头想知道,和尚,,喜欢,播音员,为什么,打伤了,算命先生,包工头想知道和尚喜欢播音员打伤了谁。
212081,12,arg,记得,short,包工头想知道,和尚,为什么,记得,播音员,,打伤了,算命先生,包工头想知道谁记得播音员打伤了算命先生。
212082,12,arg,记得,long,包工头想知道,和尚,,记得,播音员,为什么,打伤了,算命先生,包工头想知道和尚记得播音员打伤了谁。
212091,12,arg,猜,short,包工头想知道,和尚,为什么,猜,播音员,,打伤了,算命先生,包工头想知道谁猜播音员打伤了算命先生。
212092,12,arg,猜,long,包工头想知道,和尚,,猜,播音员,为什么,打伤了,算命先生,包工头想知道和尚猜播音员打伤了谁。
212101,12,arg,假装,short,包工头想知道,和尚,为什么,假装,播音员,,打伤了,算命先生,包工头想知道谁假装播音员打伤了算命先生。
212102,12,arg,假装,long,包工头想知道,和尚,,假装,播音员,为什么,打伤了,算命先生,包工头想知道和尚假装播音员打伤了谁。
212111,12,arg,害怕,short,包工头想知道,和尚,为什么,害怕,播音员,,打伤了,算命先生,包工头想知道谁害怕播音员打伤了算命先生。
212112,12,arg,害怕,long,包工头想知道,和尚,,害怕,播音员,为什么,打伤了,算命先生,包工头想知道和尚害怕播音员打伤了谁。
212121,12,arg,感觉,short,包工头想知道,和尚,为什么,感觉,播音员,,打伤了,算命先生,包工头想知道谁感觉播音员打伤了算命先生。
212122,12,arg,感觉,long,包工头想知道,和尚,,感觉,播音员,为什么,打伤了,算命先生,包工头想知道和尚感觉播音员打伤了谁。
212131,12,arg,认为,short,包工头想知道,和尚,为什么,认为,播音员,,打伤了,算命先生,包工头想知道谁认为播音员打伤了算命先生。
212132,12,arg,认为,long,包工头想知道,和尚,,认为,播音员,为什么,打伤了,算命先生,包工头想知道和尚认为播音员打伤了谁。
212141,12,arg,写,short,包工头想知道,和尚,为什么,写,播音员,,打伤了,算命先生,包工头想知道谁写播音员打伤了算命先生。
212142,12,arg,写,long,包工头想知道,和尚,,写,播音员,为什么,打伤了,算命先生,包工头想知道和尚写播音员打伤了谁。
213011,13,arg,说,short,服务员想知道,售票员,为什么,说,演说家,,欺骗了,建筑工人,服务员想知道谁说演说家欺骗了建筑工人。
213012,13,arg,说,long,服务员想知道,售票员,,说,演说家,为什么,欺骗了,建筑工人,服务员想知道售票员说演说家欺骗了谁。
213021,13,arg,觉得,short,服务员想知道,售票员,为什么,觉得,演说家,,欺骗了,建筑工人,服务员想知道谁觉得演说家欺骗了建筑工人。
213022,13,arg,觉得,long,服务员想知道,售票员,,觉得,演说家,为什么,欺骗了,建筑工人,服务员想知道售票员觉得演说家欺骗了谁。
213031,13,arg,希望,short,服务员想知道,售票员,为什么,希望,演说家,,欺骗了,建筑工人,服务员想知道谁希望演说家欺骗了建筑工人。
213032,13,arg,希望,long,服务员想知道,售票员,,希望,演说家,为什么,欺骗了,建筑工人,服务员想知道售票员希望演说家欺骗了谁。
213041,13,arg,说明,short,服务员想知道,售票员,为什么,说明,演说家,,欺骗了,建筑工人,服务员想知道谁说明演说家欺骗了建筑工人。
213042,13,arg,说明,long,服务员想知道,售票员,,说明,演说家,为什么,欺骗了,建筑工人,服务员想知道售票员说明演说家欺骗了谁。
213051,13,arg,想,short,服务员想知道,售票员,为什么,想,演说家,,欺骗了,建筑工人,服务员想知道谁想演说家欺骗了建筑工人。
213052,13,arg,想,long,服务员想知道,售票员,,想,演说家,为什么,欺骗了,建筑工人,服务员想知道售票员想演说家欺骗了谁。
213061,13,arg,怕,short,服务员想知道,售票员,为什么,怕,演说家,,欺骗了,建筑工人,服务员想知道谁怕演说家欺骗了建筑工人。
213062,13,arg,怕,long,服务员想知道,售票员,,怕,演说家,为什么,欺骗了,建筑工人,服务员想知道售票员怕演说家欺骗了谁。
213071,13,arg,喜欢,short,服务员想知道,售票员,为什么,喜欢,演说家,,欺骗了,建筑工人,服务员想知道谁喜欢演说家欺骗了建筑工人。
213072,13,arg,喜欢,long,服务员想知道,售票员,,喜欢,演说家,为什么,欺骗了,建筑工人,服务员想知道售票员喜欢演说家欺骗了谁。
213081,13,arg,记得,short,服务员想知道,售票员,为什么,记得,演说家,,欺骗了,建筑工人,服务员想知道谁记得演说家欺骗了建筑工人。
213082,13,arg,记得,long,服务员想知道,售票员,,记得,演说家,为什么,欺骗了,建筑工人,服务员想知道售票员记得演说家欺骗了谁。
213091,13,arg,猜,short,服务员想知道,售票员,为什么,猜,演说家,,欺骗了,建筑工人,服务员想知道谁猜演说家欺骗了建筑工人。
213092,13,arg,猜,long,服务员想知道,售票员,,猜,演说家,为什么,欺骗了,建筑工人,服务员想知道售票员猜演说家欺骗了谁。
213101,13,arg,假装,short,服务员想知道,售票员,为什么,假装,演说家,,欺骗了,建筑工人,服务员想知道谁假装演说家欺骗了建筑工人。
213102,13,arg,假装,long,服务员想知道,售票员,,假装,演说家,为什么,欺骗了,建筑工人,服务员想知道售票员假装演说家欺骗了谁。
213111,13,arg,害怕,short,服务员想知道,售票员,为什么,害怕,演说家,,欺骗了,建筑工人,服务员想知道谁害怕演说家欺骗了建筑工人。
213112,13,arg,害怕,long,服务员想知道,售票员,,害怕,演说家,为什么,欺骗了,建筑工人,服务员想知道售票员害怕演说家欺骗了谁。
213121,13,arg,感觉,short,服务员想知道,售票员,为什么,感觉,演说家,,欺骗了,建筑工人,服务员想知道谁感觉演说家欺骗了建筑工人。
213122,13,arg,感觉,long,服务员想知道,售票员,,感觉,演说家,为什么,欺骗了,建筑工人,服务员想知道售票员感觉演说家欺骗了谁。
213131,13,arg,认为,short,服务员想知道,售票员,为什么,认为,演说家,,欺骗了,建筑工人,服务员想知道谁认为演说家欺骗了建筑工人。
213132,13,arg,认为,long,服务员想知道,售票员,,认为,演说家,为什么,欺骗了,建筑工人,服务员想知道售票员认为演说家欺骗了谁。
213141,13,arg,写,short,服务员想知道,售票员,为什么,写,演说家,,欺骗了,建筑工人,服务员想知道谁写演说家欺骗了建筑工人。
213142,13,arg,写,long,服务员想知道,售票员,,写,演说家,为什么,欺骗了,建筑工人,服务员想知道售票员写演说家欺骗了谁。
214011,14,arg,说,short,英语老师想知道,工程师,为什么,说,中学生,,举报了,店员,英语老师想知道谁说中学生举报了店员。
214012,14,arg,说,long,英语老师想知道,工程师,,说,中学生,为什么,举报了,店员,英语老师想知道工程师说中学生举报了谁。
214021,14,arg,觉得,short,英语老师想知道,工程师,为什么,觉得,中学生,,举报了,店员,英语老师想知道谁觉得中学生举报了店员。
214022,14,arg,觉得,long,英语老师想知道,工程师,,觉得,中学生,为什么,举报了,店员,英语老师想知道工程师觉得中学生举报了谁。
214031,14,arg,希望,short,英语老师想知道,工程师,为什么,希望,中学生,,举报了,店员,英语老师想知道谁希望中学生举报了店员。
214032,14,arg,希望,long,英语老师想知道,工程师,,希望,中学生,为什么,举报了,店员,英语老师想知道工程师希望中学生举报了谁。
214041,14,arg,说明,short,英语老师想知道,工程师,为什么,说明,中学生,,举报了,店员,英语老师想知道谁说明中学生举报了店员。
214042,14,arg,说明,long,英语老师想知道,工程师,,说明,中学生,为什么,举报了,店员,英语老师想知道工程师说明中学生举报了谁。
214051,14,arg,想,short,英语老师想知道,工程师,为什么,想,中学生,,举报了,店员,英语老师想知道谁想中学生举报了店员。
214052,14,arg,想,long,英语老师想知道,工程师,,想,中学生,为什么,举报了,店员,英语老师想知道工程师想中学生举报了谁。
214061,14,arg,怕,short,英语老师想知道,工程师,为什么,怕,中学生,,举报了,店员,英语老师想知道谁怕中学生举报了店员。
214062,14,arg,怕,long,英语老师想知道,工程师,,怕,中学生,为什么,举报了,店员,英语老师想知道工程师怕中学生举报了谁。
214071,14,arg,喜欢,short,英语老师想知道,工程师,为什么,喜欢,中学生,,举报了,店员,英语老师想知道谁喜欢中学生举报了店员。
214072,14,arg,喜欢,long,英语老师想知道,工程师,,喜欢,中学生,为什么,举报了,店员,英语老师想知道工程师喜欢中学生举报了谁。
214081,14,arg,记得,short,英语老师想知道,工程师,为什么,记得,中学生,,举报了,店员,英语老师想知道谁记得中学生举报了店员。
214082,14,arg,记得,long,英语老师想知道,工程师,,记得,中学生,为什么,举报了,店员,英语老师想知道工程师记得中学生举报了谁。
214091,14,arg,猜,short,英语老师想知道,工程师,为什么,猜,中学生,,举报了,店员,英语老师想知道谁猜中学生举报了店员。
214092,14,arg,猜,long,英语老师想知道,工程师,,猜,中学生,为什么,举报了,店员,英语老师想知道工程师猜中学生举报了谁。
214101,14,arg,假装,short,英语老师想知道,工程师,为什么,假装,中学生,,举报了,店员,英语老师想知道谁假装中学生举报了店员。
214102,14,arg,假装,long,英语老师想知道,工程师,,假装,中学生,为什么,举报了,店员,英语老师想知道工程师假装中学生举报了谁。
214111,14,arg,害怕,short,英语老师想知道,工程师,为什么,害怕,中学生,,举报了,店员,英语老师想知道谁害怕中学生举报了店员。
214112,14,arg,害怕,long,英语老师想知道,工程师,,害怕,中学生,为什么,举报了,店员,英语老师想知道工程师害怕中学生举报了谁。
214121,14,arg,感觉,short,英语老师想知道,工程师,为什么,感觉,中学生,,举报了,店员,英语老师想知道谁感觉中学生举报了店员。
214122,14,arg,感觉,long,英语老师想知道,工程师,,感觉,中学生,为什么,举报了,店员,英语老师想知道工程师感觉中学生举报了谁。
214131,14,arg,认为,short,英语老师想知道,工程师,为什么,认为,中学生,,举报了,店员,英语老师想知道谁认为中学生举报了店员。
214132,14,arg,认为,long,英语老师想知道,工程师,,认为,中学生,为什么,举报了,店员,英语老师想知道工程师认为中学生举报了谁。
214141,14,arg,写,short,英语老师想知道,工程师,为什么,写,中学生,,举报了,店员,英语老师想知道谁写中学生举报了店员。
214142,14,arg,写,long,英语老师想知道,工程师,,写,中学生,为什么,举报了,店员,英语老师想知道工程师写中学生举报了谁。
215011,15,arg,说,short,主持人想知道,学者,为什么,说,政府官员,,批评了,总统候选人,主持人想知道谁说政府官员批评了总统候选人。
215012,15,arg,说,long,主持人想知道,学者,,说,政府官员,为什么,批评了,总统候选人,主持人想知道学者说政府官员批评了谁。
215021,15,arg,觉得,short,主持人想知道,学者,为什么,觉得,政府官员,,批评了,总统候选人,主持人想知道谁觉得政府官员批评了总统候选人。
215022,15,arg,觉得,long,主持人想知道,学者,,觉得,政府官员,为什么,批评了,总统候选人,主持人想知道学者觉得政府官员批评了谁。
215031,15,arg,希望,short,主持人想知道,学者,为什么,希望,政府官员,,批评了,总统候选人,主持人想知道谁希望政府官员批评了总统候选人。
215032,15,arg,希望,long,主持人想知道,学者,,希望,政府官员,为什么,批评了,总统候选人,主持人想知道学者希望政府官员批评了谁。
215041,15,arg,说明,short,主持人想知道,学者,为什么,说明,政府官员,,批评了,总统候选人,主持人想知道谁说明政府官员批评了总统候选人。
215042,15,arg,说明,long,主持人想知道,学者,,说明,政府官员,为什么,批评了,总统候选人,主持人想知道学者说明政府官员批评了谁。
215051,15,arg,想,short,主持人想知道,学者,为什么,想,政府官员,,批评了,总统候选人,主持人想知道谁想政府官员批评了总统候选人。
215052,15,arg,想,long,主持人想知道,学者,,想,政府官员,为什么,批评了,总统候选人,主持人想知道学者想政府官员批评了谁。
215061,15,arg,怕,short,主持人想知道,学者,为什么,怕,政府官员,,批评了,总统候选人,主持人想知道谁怕政府官员批评了总统候选人。
215062,15,arg,怕,long,主持人想知道,学者,,怕,政府官员,为什么,批评了,总统候选人,主持人想知道学者怕政府官员批评了谁。
215071,15,arg,喜欢,short,主持人想知道,学者,为什么,喜欢,政府官员,,批评了,总统候选人,主持人想知道谁喜欢政府官员批评了总统候选人。
215072,15,arg,喜欢,long,主持人想知道,学者,,喜欢,政府官员,为什么,批评了,总统候选人,主持人想知道学者喜欢政府官员批评了谁。
215081,15,arg,记得,short,主持人想知道,学者,为什么,记得,政府官员,,批评了,总统候选人,主持人想知道谁记得政府官员批评了总统候选人。
215082,15,arg,记得,long,主持人想知道,学者,,记得,政府官员,为什么,批评了,总统候选人,主持人想知道学者记得政府官员批评了谁。
215091,15,arg,猜,short,主持人想知道,学者,为什么,猜,政府官员,,批评了,总统候选人,主持人想知道谁猜政府官员批评了总统候选人。
215092,15,arg,猜,long,主持人想知道,学者,,猜,政府官员,为什么,批评了,总统候选人,主持人想知道学者猜政府官员批评了谁。
215101,15,arg,假装,short,主持人想知道,学者,为什么,假装,政府官员,,批评了,总统候选人,主持人想知道谁假装政府官员批评了总统候选人。
215102,15,arg,假装,long,主持人想知道,学者,,假装,政府官员,为什么,批评了,总统候选人,主持人想知道学者假装政府官员批评了谁。
215111,15,arg,害怕,short,主持人想知道,学者,为什么,害怕,政府官员,,批评了,总统候选人,主持人想知道谁害怕政府官员批评了总统候选人。
215112,15,arg,害怕,long,主持人想知道,学者,,害怕,政府官员,为什么,批评了,总统候选人,主持人想知道学者害怕政府官员批评了谁。
215121,15,arg,感觉,short,主持人想知道,学者,为什么,感觉,政府官员,,批评了,总统候选人,主持人想知道谁感觉政府官员批评了总统候选人。
215122,15,arg,感觉,long,主持人想知道,学者,,感觉,政府官员,为什么,批评了,总统候选人,主持人想知道学者感觉政府官员批评了谁。
215131,15,arg,认为,short,主持人想知道,学者,为什么,认为,政府官员,,批评了,总统候选人,主持人想知道谁认为政府官员批评了总统候选人。
215132,15,arg,认为,long,主持人想知道,学者,,认为,政府官员,为什么,批评了,总统候选人,主持人想知道学者认为政府官员批评了谁。
215141,15,arg,写,short,主持人想知道,学者,为什么,写,政府官员,,批评了,总统候选人,主持人想知道谁写政府官员批评了总统候选人。
215142,15,arg,写,long,主持人想知道,学者,,写,政府官员,为什么,批评了,总统候选人,主持人想知道学者写政府官员批评了谁。
216011,16,arg,说,short,大学生想知道,记者,为什么,说,音乐老师,,夸赞了,歌手,大学生想知道谁说音乐老师夸赞了歌手。
216012,16,arg,说,long,大学生想知道,记者,,说,音乐老师,为什么,夸赞了,歌手,大学生想知道记者说音乐老师夸赞了谁。
216021,16,arg,觉得,short,大学生想知道,记者,为什么,觉得,音乐老师,,夸赞了,歌手,大学生想知道谁觉得音乐老师夸赞了歌手。
216022,16,arg,觉得,long,大学生想知道,记者,,觉得,音乐老师,为什么,夸赞了,歌手,大学生想知道记者觉得音乐老师夸赞了谁。
216031,16,arg,希望,short,大学生想知道,记者,为什么,希望,音乐老师,,夸赞了,歌手,大学生想知道谁希望音乐老师夸赞了歌手。
216032,16,arg,希望,long,大学生想知道,记者,,希望,音乐老师,为什么,夸赞了,歌手,大学生想知道记者希望音乐老师夸赞了谁。
216041,16,arg,说明,short,大学生想知道,记者,为什么,说明,音乐老师,,夸赞了,歌手,大学生想知道谁说明音乐老师夸赞了歌手。
216042,16,arg,说明,long,大学生想知道,记者,,说明,音乐老师,为什么,夸赞了,歌手,大学生想知道记者说明音乐老师夸赞了谁。
216051,16,arg,想,short,大学生想知道,记者,为什么,想,音乐老师,,夸赞了,歌手,大学生想知道谁想音乐老师夸赞了歌手。
216052,16,arg,想,long,大学生想知道,记者,,想,音乐老师,为什么,夸赞了,歌手,大学生想知道记者想音乐老师夸赞了谁。
216061,16,arg,怕,short,大学生想知道,记者,为什么,怕,音乐老师,,夸赞了,歌手,大学生想知道谁怕音乐老师夸赞了歌手。
216062,16,arg,怕,long,大学生想知道,记者,,怕,音乐老师,为什么,夸赞了,歌手,大学生想知道记者怕音乐老师夸赞了谁。
216071,16,arg,喜欢,short,大学生想知道,记者,为什么,喜欢,音乐老师,,夸赞了,歌手,大学生想知道谁喜欢音乐老师夸赞了歌手。
216072,16,arg,喜欢,long,大学生想知道,记者,,喜欢,音乐老师,为什么,夸赞了,歌手,大学生想知道记者喜欢音乐老师夸赞了谁。
216081,16,arg,记得,short,大学生想知道,记者,为什么,记得,音乐老师,,夸赞了,歌手,大学生想知道谁记得音乐老师夸赞了歌手。
216082,16,arg,记得,long,大学生想知道,记者,,记得,音乐老师,为什么,夸赞了,歌手,大学生想知道记者记得音乐老师夸赞了谁。
216091,16,arg,猜,short,大学生想知道,记者,为什么,猜,音乐老师,,夸赞了,歌手,大学生想知道谁猜音乐老师夸赞了歌手。
216092,16,arg,猜,long,大学生想知道,记者,,猜,音乐老师,为什么,夸赞了,歌手,大学生想知道记者猜音乐老师夸赞了谁。
216101,16,arg,假装,short,大学生想知道,记者,为什么,假装,音乐老师,,夸赞了,歌手,大学生想知道谁假装音乐老师夸赞了歌手。
216102,16,arg,假装,long,大学生想知道,记者,,假装,音乐老师,为什么,夸赞了,歌手,大学生想知道记者假装音乐老师夸赞了谁。
216111,16,arg,害怕,short,大学生想知道,记者,为什么,害怕,音乐老师,,夸赞了,歌手,大学生想知道谁害怕音乐老师夸赞了歌手。
216112,16,arg,害怕,long,大学生想知道,记者,,害怕,音乐老师,为什么,夸赞了,歌手,大学生想知道记者害怕音乐老师夸赞了谁。
216121,16,arg,感觉,short,大学生想知道,记者,为什么,感觉,音乐老师,,夸赞了,歌手,大学生想知道谁感觉音乐老师夸赞了歌手。
216122,16,arg,感觉,long,大学生想知道,记者,,感觉,音乐老师,为什么,夸赞了,歌手,大学生想知道记者感觉音乐老师夸赞了谁。
216131,16,arg,认为,short,大学生想知道,记者,为什么,认为,音乐老师,,夸赞了,歌手,大学生想知道谁认为音乐老师夸赞了歌手。
216132,16,arg,认为,long,大学生想知道,记者,,认为,音乐老师,为什么,夸赞了,歌手,大学生想知道记者认为音乐老师夸赞了谁。
216141,16,arg,写,short,大学生想知道,记者,为什么,写,音乐老师,,夸赞了,歌手,大学生想知道谁写音乐老师夸赞了歌手。
216142,16,arg,写,long,大学生想知道,记者,,写,音乐老师,为什么,夸赞了,歌手,大学生想知道记者写音乐老师夸赞了谁。
900001,,,,,,,,,,,,,为什么买了油条的小男孩刘助理希望知道马秘书瞧见了
900002,,,,,,,,,,,,,为什么端着凉皮的小伙子孙市长向人打听韩村长看到了
900003,,,,,,,,,,,,,为什么拿着烤肠的小姑娘李经理想要打听陈校长见到了
900004,,,,,,,,,,,,,为什么喝着豆浆的老爷爷周老板想弄明白郑科长见到了
900005,,,,,,,,,,,,,穿着外套的老奶奶吴处长想知道赵先生见到了为什么
900006,,,,,,,,,,,,,戴着眼镜的博士生郑科长想要打听费叔叔看到了为什么
900007,,,,,,,,,,,,,拎着袋子的小学生赵先生向人打听许厂长见到了为什么
900008,,,,,,,,,,,,,背着书包的中学生冯阿姨想了解蒋部长瞧见了为什么
900009,,,,,,,,,,,,,冯阿姨瞧见了背着书包的中学生。
900010,,,,,,,,,,,,,陈校长遇到了扛着箱子的维修员。
900011,,,,,,,,,,,,,魏老师看到了看了报告的研究生。
900012,,,,,,,,,,,,,沈教授认识修了桌子的工人。
900013,,,,,,,,,,,,,蒋部长没见过吃了包子的大学生。
900014,,,,,,,,,,,,,韩村长不想见买了卡车的村民。
900015,,,,,,,,,,,,,杨顾问没注意到端着盘子的阿姨。
900016,,,,,,,,,,,,,王师傅不想见到吃了汉堡的小女孩。
,,,,,,,,,,,,,
,,,,,,,,,,,,,
,,,,,,,,,,,,,
,,,,,,,,,,,,,
,,,,,,,,,,,,,
,,,,,,,,,,,,,
,,,,,,,,,,,,,
,,,,,,,,,,,,,
