workerid,proliferate.condition,first_response_value,item,item_number,item_type,length,response,sentence,sentence_id,trial_sequence_total,verb,wh_type,wrong_attempts,error
4408,Experiment Group,,,practice_good,practice_good,,0.95,,,0,,,0,
4408,Experiment Group,,,practice_bad,practice_bad,,0.43,,,0,,,0,
4408,Experiment Group,,2,,,short,0.93,æ³•å®˜æƒ³çŸ¥é“è°çŒœè­¦å¯Ÿå®¡é—®äº†å­¦ç”Ÿã€‚,202091,1,çŒœ,arg,,
4408,Experiment Group,,,,,,0.96,æ•™å¯¼ä¸»ä»»é¼“åŠ±å­¦ç”Ÿä»¬è¿½æ±‚è‡ªå·±çš„æ¢¦æƒ³ã€‚,900030,2,,,,
4408,Experiment Group,,16,,,short,0.96,å¤§å­¦ç”Ÿæƒ³çŸ¥é“è®°è€…ä¸ºä»€ä¹ˆè¯´éŸ³ä¹è€å¸ˆå¤¸èµžäº†æ­Œæ‰‹ã€‚,116011,3,è¯´,adj,,
4408,Experiment Group,,,,,,0.84,é­è€å¸ˆçœ‹åˆ°äº†çœ‹äº†æŠ¥å‘Šçš„ç ”ç©¶ç”Ÿã€‚,900019,4,,,,
4408,Experiment Group,,26,,,short,0.9,åˆ¶ç‰‡äººæƒ³çŸ¥é“å¥èº«æ•™ç»ƒä¸ºä»€ä¹ˆè§‰å¾—åŒ–å¦†å¸ˆç›‘è§†äº†è°ƒé…’å¸ˆã€‚,126021,5,è§‰å¾—,adj,,
4408,Experiment Group,,,,,,0.92,åŠ©ç†è‡ªå·±çš„ç¼ºç‚¹å‘æŒ‡å‡ºç»ç†ã€‚,900011,6,,,,
4408,Experiment Group,,,,,,0.9,éƒ¨é•¿æ²¡è§è¿‡åƒäº†åŒ…å­çš„å¤§å­¦ç”Ÿã€‚,900021,7,,,,
4408,Experiment Group,,28,,,short,0.85,ä¸žç›¸æƒ³çŸ¥é“è°è¯´æ˜Žå°†å†›å¨èƒäº†å¤§è‡£ã€‚,228041,8,è¯´æ˜Ž,arg,,
4408,Experiment Group,,,,,,0.88,è£…ä¿®å¸ˆå‚…ä¸æƒ³è§åˆ°åƒäº†æ±‰å ¡çš„å°å¥³å­©ã€‚,900024,9,,,,
4408,Experiment Group,,25,,,long,0.32,ç¾Žå®¹å¸ˆæƒ³çŸ¥é“æˆ¿ä¸œçŒœè¥å…»å¸ˆä¸ºä»€ä¹ˆå“å”¬äº†å¿«é¤åº—å‘˜ã€‚,125092,10,çŒœ,adj,,
4408,Experiment Group,,,,,,0.86,æ ¡é•¿é‡åˆ°äº†æ‰›ç€ç®±å­çš„ç»´ä¿®å‘˜ã€‚,900018,11,,,,
4408,Experiment Group,,6,,,long,0.12,æ£€å¯Ÿå®˜æƒ³çŸ¥é“æ•™ç»ƒå‘˜è§‰å¾—éŸ³ä¹å®¶å¼€é™¤äº†è°ã€‚,206022,12,è§‰å¾—,arg,,
4408,Experiment Group,,,,,,0.95,è¿åŠ¨å‘˜çš„å§å§å‘è€å¸ˆè¯·æ•™äº†ä¸€ä¸ªé—®é¢˜ã€‚,900026,13,,,,
4408,Experiment Group,,,,,,0.06,ç«¯ç€å‡‰çš®ä¸ºä»€ä¹ˆçš„å°ä¼™å­å­™å¸‚é•¿å‘äººæ‰“å¬éŸ©æ‘é•¿çœ‹åˆ°äº†,900002,14,,,,
4408,Experiment Group,,,,,,0.96,å¹¿å‘Šå•†é‚€è¯·å®¢æˆ·å‚åŠ åœ¨è¥¿é¤åŽ…ä¸¾åŠžçš„å®´ä¼šã€‚,900028,15,,,,
4408,Experiment Group,,19,,,short,0.86,ç»ç†æƒ³çŸ¥é“é“å£«ä¸ºä»€ä¹ˆæ€•å’Œå°šå¤¸å¥–äº†ä¹žä¸ã€‚,119061,16,æ€•,adj,,
4408,Experiment Group,,22,,,long,0.57,é¡¾é—®æƒ³çŸ¥é“å¤–äº¤å®˜æ€•ç”Ÿç‰©å­¦å®¶å˜²è®½äº†è°ã€‚,222062,17,æ€•,arg,,
4408,Experiment Group,,,,,,0.87,é¢†å¯¼è‡ªå·±çš„çƒ¦æ¼å‘å€¾è¯‰æœ‹å‹ã€‚,900009,18,,,,
4408,Experiment Group,,,,,,0.02,æ–‡è‰ºè¯„è®ºå®¶æ€€ç–‘ç¼–è¾‘å¯ä»¥å·æ‡’æ•™æŽˆã€‚,900015,19,,,,
4408,Experiment Group,,13,,,long,0.14,æœåŠ¡å‘˜æƒ³çŸ¥é“å”®ç¥¨å‘˜è¯´æ¼”è¯´å®¶ä¸ºä»€ä¹ˆæ¬ºéª—äº†å»ºç­‘å·¥äººã€‚,113012,20,è¯´,adj,,
4408,Experiment Group,,,,,,0.87,æ•™æŽˆè®¤è¯†ä¿®äº†æ¡Œå­çš„å·¥äººã€‚,900020,21,,,,
4408,Experiment Group,,,,,,0.25,é¡¾é—®æ²¡æ³¨æ„åˆ°ç«¯ç€ç›˜å­çš„é˜¿å§¨ã€‚,900023,22,,,,
4408,Experiment Group,,1,,,long,0,è€å¸ˆæƒ³çŸ¥é“å­¦ç”Ÿå–œæ¬¢ä¿®ç†å·¥æ‰“äº†è°ã€‚,201072,23,å–œæ¬¢,arg,,
4408,Experiment Group,,27,,,long,0.54,æ³•åŒ»æƒ³çŸ¥é“ä¸šåŠ¡å‘˜è§‰å¾—ç½ªçŠ¯ä¸ºä»€ä¹ˆè°‹å®³äº†ç¨‹åºå‘˜ã€‚,127022,24,è§‰å¾—,adj,,
4408,Experiment Group,,,,,,0.75,éƒ¨é—¨ç»ç†çš„å¥½æœ‹å‹å‘çˆ¶æ¯å€¾è¯‰äº†è‡ªå·±çš„çƒ¦æ¼ã€‚,900025,25,,,,
4408,Experiment Group,,17,,,short,0,ä¼šè®¡æƒ³çŸ¥é“æ¼”å‘˜ä¸ºä»€ä¹ˆæƒ³ç¼–è¾‘é‚€è¯·äº†ç¥žçˆ¶ã€‚,117051,26,æƒ³,adj,,
4408,Experiment Group,,7,,,short,0,æ‘é•¿æƒ³çŸ¥é“å†œæ°‘ä¸ºä»€ä¹ˆçŒœç”µå·¥æ— è§†äº†é¢†å¯¼ã€‚,107091,27,çŒœ,adj,,
4408,Experiment Group,,,,,,0.62,å­¦ç”Ÿè‡ªå·±çš„é—®é¢˜å‘æå‡ºè€å¸ˆã€‚,900010,28,,,,
4408,Experiment Group,,3,,,short,0.08,ç»ç†æƒ³çŸ¥é“è°å–œæ¬¢æœåŠ¡å‘˜æŽ¥å¾…äº†ä¹žä¸ã€‚,203071,29,å–œæ¬¢,arg,,
4408,Experiment Group,,,,,,1,æ•°å­¦è€å¸ˆæŒ‡å¯¼ä¸­å­¦ç”Ÿä»¬å¦‚ä½•è§£å†³é—®é¢˜ã€‚,900031,30,,,,
4408,Experiment Group,,,,,,0.68,å›½å®¶é¢†å¯¼äººæ‰¹å‡†å¹²éƒ¨å¯ä»¥ç¦»èŒç¿»è¯‘å®˜ã€‚,900014,31,,,,
4408,Experiment Group,,,,,,0,ä¹°äº†æ²¹æ¡ä¸ºä»€ä¹ˆçš„å°ç”·å­©åˆ˜åŠ©ç†å¸Œæœ›çŸ¥é“é©¬ç§˜ä¹¦çž§è§äº†,900001,32,,,,
4408,Experiment Group,,15,,,short,0.31,ä¸»æŒäººæƒ³çŸ¥é“å­¦è€…ä¸ºä»€ä¹ˆå–œæ¬¢æ”¿åºœå®˜å‘˜æ‰¹è¯„äº†æ€»ç»Ÿå€™é€‰äººã€‚,115071,33,å–œæ¬¢,adj,,
4408,Experiment Group,,31,,,short,0,å¿ƒç†å­¦å®¶æƒ³çŸ¥é“å¤§å­¦ç”Ÿä¸ºä»€ä¹ˆè¯´æ˜Žä¿å§†è®¨å¥½äº†ç†å‘å¸ˆã€‚,131041,34,è¯´æ˜Ž,adj,,
4408,Experiment Group,,,,,,0.23,èƒŒç€ä¹¦åŒ…çš„ä¸­å­¦ç”Ÿå†¯é˜¿å§¨æƒ³äº†è§£è’‹éƒ¨é•¿çž§è§äº†ä¸ºä»€ä¹ˆ,900008,35,,,,
4408,Experiment Group,,10,,,short,0.57,å¯¼æ¸¸æƒ³çŸ¥é“è°å¸Œæœ›ä¿å®‰è¢­å‡»äº†å•†è´©ã€‚,210031,36,å¸Œæœ›,arg,,
4408,Experiment Group,,,,,,0.96,é˜Ÿå‘˜ä»¬è‡ªå·±çš„ä¼˜åŠ¿å‘éšçž’å¯¹æ‰‹ã€‚,900012,37,,,,
4408,Experiment Group,,23,,,long,0.11,å›­ä¸æƒ³çŸ¥é“æ°´ç®¡å·¥è¯´æ˜Žç„Šå·¥è®­æ–¥äº†è°ã€‚,223042,38,è¯´æ˜Ž,arg,,
4408,Experiment Group,,12,,,long,0,åŒ…å·¥å¤´æƒ³çŸ¥é“å’Œå°šæƒ³æ’­éŸ³å‘˜ä¸ºä»€ä¹ˆæ‰“ä¼¤äº†ç®—å‘½å…ˆç”Ÿã€‚,112052,39,æƒ³,adj,,
4408,Experiment Group,,,,,,0,æ‘é•¿ä¸æƒ³è§ä¹°äº†å¡è½¦çš„æ‘æ°‘ã€‚,900022,40,,,,
4408,Experiment Group,,,,,,0,ç©¿ç€å¤–å¥—çš„è€å¥¶å¥¶å´å¤„é•¿æƒ³çŸ¥é“èµµå…ˆç”Ÿè§åˆ°äº†ä¸ºä»€ä¹ˆ,900005,41,,,,
4408,Experiment Group,,,,,,0.53,æ‹¿ç€çƒ¤è‚ ä¸ºä»€ä¹ˆçš„å°å§‘å¨˜æŽç»ç†æƒ³è¦æ‰“å¬é™ˆæ ¡é•¿è§åˆ°äº†,900003,42,,,,
4408,Experiment Group,,20,,,short,0.04,å”®è´§å‘˜æƒ³çŸ¥é“è°æƒ³æ‘„å½±å¸ˆæŒ‡è´£äº†å¿ƒç†åŒ»ç”Ÿã€‚,220051,43,æƒ³,arg,,
4408,Experiment Group,,9,,,long,0.42,å°†å†›æƒ³çŸ¥é“é—´è°æƒ³å£«å…µè·Ÿè¸ªäº†è°ã€‚,209052,44,æƒ³,arg,,
4408,Experiment Group,,,,,,0.13,æˆ´ç€çœ¼é•œçš„åšå£«ç”Ÿéƒ‘ç§‘é•¿æƒ³è¦æ‰“å¬è´¹å”å”çœ‹åˆ°äº†ä¸ºä»€ä¹ˆ,900006,45,,,,
4408,Experiment Group,,32,,,long,0.06,åŠ©æ‰‹æƒ³çŸ¥é“å†›å®˜å–œæ¬¢è€å¸ˆä¸ºä»€ä¹ˆå‡ºå–äº†æ°´æ‰‹ã€‚,132072,46,å–œæ¬¢,adj,,
4408,Experiment Group,,,,,,0.07,å–ç€è±†æµ†ä¸ºä»€ä¹ˆçš„è€çˆ·çˆ·å‘¨è€æ¿æƒ³å¼„æ˜Žç™½éƒ‘ç§‘é•¿è§åˆ°äº†,900004,47,,,,
4408,Experiment Group,,18,,,long,0.05,èˆ¹é•¿æƒ³çŸ¥é“å»ºç­‘å¸ˆæ€•é£žè¡Œå‘˜ä¸ºä»€ä¹ˆè´£å¤‡äº†ç»æµŽå­¦å®¶ã€‚,118062,48,æ€•,adj,,
4408,Experiment Group,,,,,,0,åŸºé‡‘ç®¡ç†å‘˜æœŸå¾…é¡¾å®¢å¯ä»¥æˆåŠŸåŽ†å²å­¦å®¶ã€‚,900013,49,,,,
4408,Experiment Group,,8,,,short,0.04,ä¾¦æŽ¢æƒ³çŸ¥é“è°è§‰å¾—é£žè¡Œå‘˜ç¾žè¾±äº†å¡è½¦å¸æœºã€‚,208021,50,è§‰å¾—,arg,,
4408,Experiment Group,,,,,,0.99,å¤–ç§‘åŒ»ç”Ÿé¼“åŠ±ç—…äººå¤šé”»ç‚¼èº«ä½“ã€‚,900027,51,,,,
4408,Experiment Group,,30,,,short,0.81,èˆžè¹ˆè€å¸ˆæƒ³çŸ¥é“å®žä¹ ç”Ÿä¸ºä»€ä¹ˆå¸Œæœ›æ­Œæ‰‹èµžç¾Žäº†å‰§ä½œå®¶ã€‚,130031,52,å¸Œæœ›,adj,,
4408,Experiment Group,,4,,,long,0.44,æ•™æŽˆæƒ³çŸ¥é“å·¥ç¨‹å¸ˆå¸Œæœ›ç§˜ä¹¦ä¸ºä»€ä¹ˆæ‰¹è¯„äº†è¿åŠ¨å‘˜ã€‚,104032,53,å¸Œæœ›,adj,,
4408,Experiment Group,,,,,,0.14,å†œä¸šä¸“å®¶ç›¸ä¿¡å¤©æ–‡å­¦å®¶å¯ä»¥é€€ä¼‘ç‰©ç†å­¦å®¶ã€‚,900016,54,,,,
4408,Experiment Group,,,,,,0.1,å†¯é˜¿å§¨çž§è§äº†èƒŒç€ä¹¦åŒ…çš„ä¸­å­¦ç”Ÿã€‚,900017,55,,,,
4408,Experiment Group,,5,,,long,0.25,å¸‚é•¿æƒ³çŸ¥é“è®®å‘˜å¸Œæœ›è‰ºæœ¯å®¶è”ç³»äº†è°ã€‚,205032,56,å¸Œæœ›,arg,,
4408,Experiment Group,,,,,,0.92,äº¤è­¦åœ¨é©¬è·¯è¾¹æé†’è¡Œäººè¦æ³¨æ„å®‰å…¨ã€‚,900029,57,,,,
4408,Experiment Group,,24,,,short,0.15,ä»“åº“ç®¡ç†å‘˜æƒ³çŸ¥é“è°æ€•ä¿é™©ä»£ç†äººæŒ–è‹¦äº†æ¨¡ç‰¹ã€‚,224061,58,æ€•,arg,,
4408,Experiment Group,,,,,,0.89,ä¿å§†æƒ³çŸ¥é“è€çˆ·çˆ·åˆé¥­åˆ°åº•åƒäº†äº›ä»€ä¹ˆã€‚,900032,59,,,,
4408,Experiment Group,,29,,,short,0.14,ç¼–è¾‘æƒ³çŸ¥é“è°è¯´æ‚æŠ€æ¼”å‘˜æŠšå…»äº†å°å¥³å­©ã€‚,229011,60,è¯´,arg,,
4408,Experiment Group,,14,,,long,0.1,è‹±è¯­è€å¸ˆæƒ³çŸ¥é“å·¥ç¨‹å¸ˆè¯´æ˜Žä¸­å­¦ç”Ÿä¸ºä»€ä¹ˆä¸¾æŠ¥äº†åº—å‘˜ã€‚,114042,61,è¯´æ˜Ž,adj,,
4408,Experiment Group,,,,,,0.21,æ‹Žç€è¢‹å­çš„å°å­¦ç”Ÿèµµå…ˆç”Ÿå‘äººæ‰“å¬è®¸åŽ‚é•¿è§åˆ°äº†ä¸ºä»€ä¹ˆ,900007,62,,,,
4408,Experiment Group,,21,,,long,0.29,çœé•¿æƒ³çŸ¥é“è¯å‰‚å¸ˆè¯´å°æŠ¥è®°è€…é‡‡è®¿äº†è°ã€‚,221012,63,è¯´,arg,,
4408,Experiment Group,,11,,,long,0.66,æ”¿å®¢æƒ³çŸ¥é“åŒ»ç”ŸçŒœæŠ¤å£«æŽ¨å€’äº†è°ã€‚,211092,64,çŒœ,arg,,
4407,Experiment Group,,,practice_good,practice_good,,1,,,0,,,0,
4407,Experiment Group,,,practice_bad,practice_bad,,0.05,,,0,,,0,
4407,Experiment Group,,,,,,0.12,èƒŒç€ä¹¦åŒ…çš„ä¸­å­¦ç”Ÿå†¯é˜¿å§¨æƒ³äº†è§£è’‹éƒ¨é•¿çž§è§äº†ä¸ºä»€ä¹ˆ,900008,1,,,,
4407,Experiment Group,,9,,,short,0.17,å°†å†›æƒ³çŸ¥é“è°è¯´å£«å…µè·Ÿè¸ªäº†æ€»ç»Ÿã€‚,209011,2,è¯´,arg,,
4407,Experiment Group,,,,,,0.85,æ•™æŽˆè®¤è¯†ä¿®äº†æ¡Œå­çš„å·¥äººã€‚,900020,3,,,,
4407,Experiment Group,,,,,,0.02,é˜Ÿå‘˜ä»¬è‡ªå·±çš„ä¼˜åŠ¿å‘éšçž’å¯¹æ‰‹ã€‚,900012,4,,,,
4407,Experiment Group,,,,,,0.13,é­è€å¸ˆçœ‹åˆ°äº†çœ‹äº†æŠ¥å‘Šçš„ç ”ç©¶ç”Ÿã€‚,900019,5,,,,
4407,Experiment Group,,3,,,long,0.92,ç»ç†æƒ³çŸ¥é“åŽ¨å¸ˆå–œæ¬¢æœåŠ¡å‘˜ä¸ºä»€ä¹ˆæŽ¥å¾…äº†ä¹žä¸ã€‚,103072,6,å–œæ¬¢,adj,,
4407,Experiment Group,,,,,,0.99,æ•™å¯¼ä¸»ä»»é¼“åŠ±å­¦ç”Ÿä»¬è¿½æ±‚è‡ªå·±çš„æ¢¦æƒ³ã€‚,900030,7,,,,
4407,Experiment Group,,32,,,long,0.23,åŠ©æ‰‹æƒ³çŸ¥é“å†›å®˜æ€•è€å¸ˆå‡ºå–äº†è°ã€‚,232062,8,æ€•,arg,,
4407,Experiment Group,,30,,,long,0.02,èˆžè¹ˆè€å¸ˆæƒ³çŸ¥é“å®žä¹ ç”Ÿæ€•æ­Œæ‰‹ä¸ºä»€ä¹ˆèµžç¾Žäº†å‰§ä½œå®¶ã€‚,130062,9,æ€•,adj,,
4407,Experiment Group,,,,,,0,å­¦ç”Ÿè‡ªå·±çš„é—®é¢˜å‘æå‡ºè€å¸ˆã€‚,900010,10,,,,
4407,Experiment Group,,,,,,0.03,ç«¯ç€å‡‰çš®ä¸ºä»€ä¹ˆçš„å°ä¼™å­å­™å¸‚é•¿å‘äººæ‰“å¬éŸ©æ‘é•¿çœ‹åˆ°äº†,900002,11,,,,
4407,Experiment Group,,6,,,short,0.11,æ£€å¯Ÿå®˜æƒ³çŸ¥é“è°æ€•éŸ³ä¹å®¶å¼€é™¤äº†ä¿é•–ã€‚,206061,12,æ€•,arg,,
4407,Experiment Group,,,,,,0.03,æˆ´ç€çœ¼é•œçš„åšå£«ç”Ÿéƒ‘ç§‘é•¿æƒ³è¦æ‰“å¬è´¹å”å”çœ‹åˆ°äº†ä¸ºä»€ä¹ˆ,900006,13,,,,
4407,Experiment Group,,29,,,short,0,ç¼–è¾‘æƒ³çŸ¥é“æ³•åŠ¡é¡¾é—®ä¸ºä»€ä¹ˆçŒœæ‚æŠ€æ¼”å‘˜æŠšå…»äº†å°å¥³å­©ã€‚,129091,14,çŒœ,adj,,
4407,Experiment Group,,,,,,0.04,éƒ¨é•¿æ²¡è§è¿‡åƒäº†åŒ…å­çš„å¤§å­¦ç”Ÿã€‚,900021,15,,,,
4407,Experiment Group,,31,,,short,0.71,å¿ƒç†å­¦å®¶æƒ³çŸ¥é“å¤§å­¦ç”Ÿä¸ºä»€ä¹ˆè¯´ä¿å§†è®¨å¥½äº†ç†å‘å¸ˆã€‚,131011,16,è¯´,adj,,
4407,Experiment Group,,,,,,0.97,æ ¡é•¿é‡åˆ°äº†æ‰›ç€ç®±å­çš„ç»´ä¿®å‘˜ã€‚,900018,17,,,,
4407,Experiment Group,,11,,,short,0.17,æ”¿å®¢æƒ³çŸ¥é“è°å–œæ¬¢æŠ¤å£«æŽ¨å€’äº†ç”·å­©ã€‚,211071,18,å–œæ¬¢,arg,,
4407,Experiment Group,,,,,,0.01,å–ç€è±†æµ†ä¸ºä»€ä¹ˆçš„è€çˆ·çˆ·å‘¨è€æ¿æƒ³å¼„æ˜Žç™½éƒ‘ç§‘é•¿è§åˆ°äº†,900004,19,,,,
4407,Experiment Group,,,,,,0.17,å›½å®¶é¢†å¯¼äººæ‰¹å‡†å¹²éƒ¨å¯ä»¥ç¦»èŒç¿»è¯‘å®˜ã€‚,900014,20,,,,
4407,Experiment Group,,,,,,0.23,é¢†å¯¼è‡ªå·±çš„çƒ¦æ¼å‘å€¾è¯‰æœ‹å‹ã€‚,900009,21,,,,
4407,Experiment Group,,,,,,0,æ–‡è‰ºè¯„è®ºå®¶æ€€ç–‘ç¼–è¾‘å¯ä»¥å·æ‡’æ•™æŽˆã€‚,900015,22,,,,
4407,Experiment Group,,18,,,long,0.02,èˆ¹é•¿æƒ³çŸ¥é“å»ºç­‘å¸ˆè§‰å¾—é£žè¡Œå‘˜è´£å¤‡äº†è°ã€‚,218022,23,è§‰å¾—,arg,,
4407,Experiment Group,,,,,,0.02,äº¤è­¦åœ¨é©¬è·¯è¾¹æé†’è¡Œäººè¦æ³¨æ„å®‰å…¨ã€‚,900029,24,,,,
4407,Experiment Group,,21,,,short,0.01,çœé•¿æƒ³çŸ¥é“è°è¯´æ˜Žå°æŠ¥è®°è€…é‡‡è®¿äº†ç¨ŽåŠ¡å‘˜ã€‚,221041,25,è¯´æ˜Ž,arg,,
4407,Experiment Group,,,,,,0.91,æ•°å­¦è€å¸ˆæŒ‡å¯¼ä¸­å­¦ç”Ÿä»¬å¦‚ä½•è§£å†³é—®é¢˜ã€‚,900031,26,,,,
4407,Experiment Group,,,,,,0.97,æ‘é•¿ä¸æƒ³è§ä¹°äº†å¡è½¦çš„æ‘æ°‘ã€‚,900022,27,,,,
4407,Experiment Group,,26,,,long,0.32,åˆ¶ç‰‡äººæƒ³çŸ¥é“å¥èº«æ•™ç»ƒå¸Œæœ›åŒ–å¦†å¸ˆä¸ºä»€ä¹ˆç›‘è§†äº†è°ƒé…’å¸ˆã€‚,126032,28,å¸Œæœ›,adj,,
4407,Experiment Group,,13,,,long,0.19,æœåŠ¡å‘˜æƒ³çŸ¥é“å”®ç¥¨å‘˜æƒ³æ¼”è¯´å®¶æ¬ºéª—äº†è°ã€‚,213052,29,æƒ³,arg,,
4407,Experiment Group,,,,,,0.99,ä¿å§†æƒ³çŸ¥é“è€çˆ·çˆ·åˆé¥­åˆ°åº•åƒäº†äº›ä»€ä¹ˆã€‚,900032,30,,,,
4407,Experiment Group,,2,,,long,0.2,æ³•å®˜æƒ³çŸ¥é“å¾‹å¸ˆçŒœè­¦å¯Ÿå®¡é—®äº†è°ã€‚,202092,31,çŒœ,arg,,
4407,Experiment Group,,5,,,long,0.33,å¸‚é•¿æƒ³çŸ¥é“è®®å‘˜è¯´æ˜Žè‰ºæœ¯å®¶ä¸ºä»€ä¹ˆè”ç³»äº†æ¯’æž­ã€‚,105042,32,è¯´æ˜Ž,adj,,
4407,Experiment Group,,,,,,0.04,æ‹Žç€è¢‹å­çš„å°å­¦ç”Ÿèµµå…ˆç”Ÿå‘äººæ‰“å¬è®¸åŽ‚é•¿è§åˆ°äº†ä¸ºä»€ä¹ˆ,900007,33,,,,
4407,Experiment Group,,23,,,short,0,å›­ä¸æƒ³çŸ¥é“è°çŒœç„Šå·¥è®­æ–¥äº†æ¸…æ´å·¥ã€‚,223091,34,çŒœ,arg,,
4407,Experiment Group,,25,,,long,0.09,ç¾Žå®¹å¸ˆæƒ³çŸ¥é“æˆ¿ä¸œæƒ³è¥å…»å¸ˆä¸ºä»€ä¹ˆå“å”¬äº†å¿«é¤åº—å‘˜ã€‚,125052,35,æƒ³,adj,,
4407,Experiment Group,,,,,,0.1,è£…ä¿®å¸ˆå‚…ä¸æƒ³è§åˆ°åƒäº†æ±‰å ¡çš„å°å¥³å­©ã€‚,900024,36,,,,
4407,Experiment Group,,,,,,0.89,å¹¿å‘Šå•†é‚€è¯·å®¢æˆ·å‚åŠ åœ¨è¥¿é¤åŽ…ä¸¾åŠžçš„å®´ä¼šã€‚,900028,37,,,,
4407,Experiment Group,,10,,,long,0.95,å¯¼æ¸¸æƒ³çŸ¥é“å¤–å›½äººè¯´ä¿å®‰ä¸ºä»€ä¹ˆè¢­å‡»äº†å•†è´©ã€‚,110012,38,è¯´,adj,,
4407,Experiment Group,,1,,,short,0.22,è€å¸ˆæƒ³çŸ¥é“è°æƒ³ä¿®ç†å·¥æ‰“äº†å¿«é€’å‘˜ã€‚,201051,39,æƒ³,arg,,
4407,Experiment Group,,,,,,0.87,éƒ¨é—¨ç»ç†çš„å¥½æœ‹å‹å‘çˆ¶æ¯å€¾è¯‰äº†è‡ªå·±çš„çƒ¦æ¼ã€‚,900025,40,,,,
4407,Experiment Group,,,,,,0.29,é¡¾é—®æ²¡æ³¨æ„åˆ°ç«¯ç€ç›˜å­çš„é˜¿å§¨ã€‚,900023,41,,,,
4407,Experiment Group,,16,,,long,0.36,å¤§å­¦ç”Ÿæƒ³çŸ¥é“è®°è€…è¯´æ˜ŽéŸ³ä¹è€å¸ˆå¤¸èµžäº†è°ã€‚,216042,42,è¯´æ˜Ž,arg,,
4407,Experiment Group,,28,,,short,0.07,ä¸žç›¸æƒ³çŸ¥é“çš‡ä¸Šä¸ºä»€ä¹ˆå–œæ¬¢å°†å†›å¨èƒäº†å¤§è‡£ã€‚,128071,43,å–œæ¬¢,adj,,
4407,Experiment Group,,,,,,0.48,åŸºé‡‘ç®¡ç†å‘˜æœŸå¾…é¡¾å®¢å¯ä»¥æˆåŠŸåŽ†å²å­¦å®¶ã€‚,900013,44,,,,
4407,Experiment Group,,,,,,0.33,å†œä¸šä¸“å®¶ç›¸ä¿¡å¤©æ–‡å­¦å®¶å¯ä»¥é€€ä¼‘ç‰©ç†å­¦å®¶ã€‚,900016,45,,,,
4407,Experiment Group,,12,,,short,0.68,åŒ…å·¥å¤´æƒ³çŸ¥é“å’Œå°šä¸ºä»€ä¹ˆæƒ³æ’­éŸ³å‘˜æ‰“ä¼¤äº†ç®—å‘½å…ˆç”Ÿã€‚,112051,46,æƒ³,adj,,
4407,Experiment Group,,15,,,short,0.76,ä¸»æŒäººæƒ³çŸ¥é“è°å¸Œæœ›æ”¿åºœå®˜å‘˜æ‰¹è¯„äº†æ€»ç»Ÿå€™é€‰äººã€‚,215031,47,å¸Œæœ›,arg,,
4407,Experiment Group,,,,,,0.99,è¿åŠ¨å‘˜çš„å§å§å‘è€å¸ˆè¯·æ•™äº†ä¸€ä¸ªé—®é¢˜ã€‚,900026,48,,,,
4407,Experiment Group,,8,,,short,0.31,ä¾¦æŽ¢æƒ³çŸ¥é“å”®è´§å‘˜ä¸ºä»€ä¹ˆè¯´æ˜Žé£žè¡Œå‘˜ç¾žè¾±äº†å¡è½¦å¸æœºã€‚,108041,49,è¯´æ˜Ž,adj,,
4407,Experiment Group,,17,,,long,0.16,ä¼šè®¡æƒ³çŸ¥é“æ¼”å‘˜è¯´ç¼–è¾‘é‚€è¯·äº†è°ã€‚,217012,50,è¯´,arg,,
4407,Experiment Group,,,,,,0.05,æ‹¿ç€çƒ¤è‚ ä¸ºä»€ä¹ˆçš„å°å§‘å¨˜æŽç»ç†æƒ³è¦æ‰“å¬é™ˆæ ¡é•¿è§åˆ°äº†,900003,51,,,,
4407,Experiment Group,,,,,,0.02,ä¹°äº†æ²¹æ¡ä¸ºä»€ä¹ˆçš„å°ç”·å­©åˆ˜åŠ©ç†å¸Œæœ›çŸ¥é“é©¬ç§˜ä¹¦çž§è§äº†,900001,52,,,,
4407,Experiment Group,,4,,,long,0.43,æ•™æŽˆæƒ³çŸ¥é“å·¥ç¨‹å¸ˆè§‰å¾—ç§˜ä¹¦ä¸ºä»€ä¹ˆæ‰¹è¯„äº†è¿åŠ¨å‘˜ã€‚,104022,53,è§‰å¾—,adj,,
4407,Experiment Group,,19,,,short,0.42,ç»ç†æƒ³çŸ¥é“é“å£«ä¸ºä»€ä¹ˆæ€•å’Œå°šå¤¸å¥–äº†ä¹žä¸ã€‚,119061,54,æ€•,adj,,
4407,Experiment Group,,,,,,0.08,åŠ©ç†è‡ªå·±çš„ç¼ºç‚¹å‘æŒ‡å‡ºç»ç†ã€‚,900011,55,,,,
4407,Experiment Group,,27,,,short,0.5,æ³•åŒ»æƒ³çŸ¥é“ä¸šåŠ¡å‘˜ä¸ºä»€ä¹ˆå¸Œæœ›ç½ªçŠ¯è°‹å®³äº†ç¨‹åºå‘˜ã€‚,127031,56,å¸Œæœ›,adj,,
4407,Experiment Group,,,,,,0.95,å¤–ç§‘åŒ»ç”Ÿé¼“åŠ±ç—…äººå¤šé”»ç‚¼èº«ä½“ã€‚,900027,57,,,,
4407,Experiment Group,,22,,,short,0.57,é¡¾é—®æƒ³çŸ¥é“è°è§‰å¾—ç”Ÿç‰©å­¦å®¶å˜²è®½äº†å“²å­¦å®¶ã€‚,222021,58,è§‰å¾—,arg,,
4407,Experiment Group,,14,,,long,0.24,è‹±è¯­è€å¸ˆæƒ³çŸ¥é“å·¥ç¨‹å¸ˆçŒœä¸­å­¦ç”Ÿä¸ºä»€ä¹ˆä¸¾æŠ¥äº†åº—å‘˜ã€‚,114092,59,çŒœ,adj,,
4407,Experiment Group,,,,,,0.89,å†¯é˜¿å§¨çž§è§äº†èƒŒç€ä¹¦åŒ…çš„ä¸­å­¦ç”Ÿã€‚,900017,60,,,,
4407,Experiment Group,,20,,,long,0.34,å”®è´§å‘˜æƒ³çŸ¥é“ä½œæ›²å®¶å¸Œæœ›æ‘„å½±å¸ˆæŒ‡è´£äº†è°ã€‚,220032,61,å¸Œæœ›,arg,,
4407,Experiment Group,,,,,,0.01,ç©¿ç€å¤–å¥—çš„è€å¥¶å¥¶å´å¤„é•¿æƒ³çŸ¥é“èµµå…ˆç”Ÿè§åˆ°äº†ä¸ºä»€ä¹ˆ,900005,62,,,,
4407,Experiment Group,,7,,,short,0.81,æ‘é•¿æƒ³çŸ¥é“å†œæ°‘ä¸ºä»€ä¹ˆè§‰å¾—ç”µå·¥æ— è§†äº†é¢†å¯¼ã€‚,107021,63,è§‰å¾—,adj,,
4407,Experiment Group,,24,,,long,0.23,ä»“åº“ç®¡ç†å‘˜æƒ³çŸ¥é“é‡‡è´­å‘˜å–œæ¬¢ä¿é™©ä»£ç†äººæŒ–è‹¦äº†è°ã€‚,224072,64,å–œæ¬¢,arg,,
4415,Experiment Group,,,practice_good,practice_good,,0.79,,,0,,,0,
4415,Experiment Group,,,practice_bad,practice_bad,,0.01,,,0,,,0,
4415,Experiment Group,,22,,,long,0.16,é¡¾é—®æƒ³çŸ¥é“å¤–äº¤å®˜æƒ³ç”Ÿç‰©å­¦å®¶å˜²è®½äº†è°ã€‚,222052,1,æƒ³,arg,,
4415,Experiment Group,,1,,,long,0.18,è€å¸ˆæƒ³çŸ¥é“å­¦ç”Ÿå¸Œæœ›ä¿®ç†å·¥æ‰“äº†è°ã€‚,201032,2,å¸Œæœ›,arg,,
4415,Experiment Group,,,,,,0.84,å¹¿å‘Šå•†é‚€è¯·å®¢æˆ·å‚åŠ åœ¨è¥¿é¤åŽ…ä¸¾åŠžçš„å®´ä¼šã€‚,900028,3,,,,
4415,Experiment Group,,24,,,short,0.82,ä»“åº“ç®¡ç†å‘˜æƒ³çŸ¥é“é‡‡è´­å‘˜ä¸ºä»€ä¹ˆè¯´ä¿é™©ä»£ç†äººæŒ–è‹¦äº†æ¨¡ç‰¹ã€‚,124011,4,è¯´,adj,,
4415,Experiment Group,,,,,,0.8,éƒ¨é—¨ç»ç†çš„å¥½æœ‹å‹å‘çˆ¶æ¯å€¾è¯‰äº†è‡ªå·±çš„çƒ¦æ¼ã€‚,900025,5,,,,
4415,Experiment Group,,6,,,short,0.69,æ£€å¯Ÿå®˜æƒ³çŸ¥é“è°å¸Œæœ›éŸ³ä¹å®¶å¼€é™¤äº†ä¿é•–ã€‚,206031,6,å¸Œæœ›,arg,,
4415,Experiment Group,,,,,,0.26,ç©¿ç€å¤–å¥—çš„è€å¥¶å¥¶å´å¤„é•¿æƒ³çŸ¥é“èµµå…ˆç”Ÿè§åˆ°äº†ä¸ºä»€ä¹ˆ,900005,7,,,,
4415,Experiment Group,,15,,,short,0.66,ä¸»æŒäººæƒ³çŸ¥é“å­¦è€…ä¸ºä»€ä¹ˆè§‰å¾—æ”¿åºœå®˜å‘˜æ‰¹è¯„äº†æ€»ç»Ÿå€™é€‰äººã€‚,115021,8,è§‰å¾—,adj,,
4415,Experiment Group,,,,,,0.71,æ‘é•¿ä¸æƒ³è§ä¹°äº†å¡è½¦çš„æ‘æ°‘ã€‚,900022,9,,,,
4415,Experiment Group,,30,,,short,0.73,èˆžè¹ˆè€å¸ˆæƒ³çŸ¥é“å®žä¹ ç”Ÿä¸ºä»€ä¹ˆçŒœæ­Œæ‰‹èµžç¾Žäº†å‰§ä½œå®¶ã€‚,130091,10,çŒœ,adj,,
4415,Experiment Group,,31,,,short,0.11,å¿ƒç†å­¦å®¶æƒ³çŸ¥é“å¤§å­¦ç”Ÿä¸ºä»€ä¹ˆå–œæ¬¢ä¿å§†è®¨å¥½äº†ç†å‘å¸ˆã€‚,131071,11,å–œæ¬¢,adj,,
4415,Experiment Group,,,,,,0.83,éƒ¨é•¿æ²¡è§è¿‡åƒäº†åŒ…å­çš„å¤§å­¦ç”Ÿã€‚,900021,12,,,,
4415,Experiment Group,,,,,,0.76,è¿åŠ¨å‘˜çš„å§å§å‘è€å¸ˆè¯·æ•™äº†ä¸€ä¸ªé—®é¢˜ã€‚,900026,13,,,,
4415,Experiment Group,,8,,,short,0.37,ä¾¦æŽ¢æƒ³çŸ¥é“å”®è´§å‘˜ä¸ºä»€ä¹ˆè¯´æ˜Žé£žè¡Œå‘˜ç¾žè¾±äº†å¡è½¦å¸æœºã€‚,108041,14,è¯´æ˜Ž,adj,,
4415,Experiment Group,,,,,,0,ç«¯ç€å‡‰çš®ä¸ºä»€ä¹ˆçš„å°ä¼™å­å­™å¸‚é•¿å‘äººæ‰“å¬éŸ©æ‘é•¿çœ‹åˆ°äº†,900002,15,,,,
4415,Experiment Group,,,,,,0.77,äº¤è­¦åœ¨é©¬è·¯è¾¹æé†’è¡Œäººè¦æ³¨æ„å®‰å…¨ã€‚,900029,16,,,,
4415,Experiment Group,,,,,,0.73,é¡¾é—®æ²¡æ³¨æ„åˆ°ç«¯ç€ç›˜å­çš„é˜¿å§¨ã€‚,900023,17,,,,
4415,Experiment Group,,32,,,short,0.16,åŠ©æ‰‹æƒ³çŸ¥é“è°å–œæ¬¢è€å¸ˆå‡ºå–äº†æ°´æ‰‹ã€‚,232071,18,å–œæ¬¢,arg,,
4415,Experiment Group,,2,,,short,0.52,æ³•å®˜æƒ³çŸ¥é“å¾‹å¸ˆä¸ºä»€ä¹ˆå¸Œæœ›è­¦å¯Ÿå®¡é—®äº†å­¦ç”Ÿã€‚,102031,19,å¸Œæœ›,adj,,
4415,Experiment Group,,,,,,0.24,æ•™å¯¼ä¸»ä»»é¼“åŠ±å­¦ç”Ÿä»¬è¿½æ±‚è‡ªå·±çš„æ¢¦æƒ³ã€‚,900030,20,,,,
4415,Experiment Group,,26,,,short,0.58,åˆ¶ç‰‡äººæƒ³çŸ¥é“å¥èº«æ•™ç»ƒä¸ºä»€ä¹ˆæ€•åŒ–å¦†å¸ˆç›‘è§†äº†è°ƒé…’å¸ˆã€‚,126061,21,æ€•,adj,,
4415,Experiment Group,,,,,,0.78,ä¿å§†æƒ³çŸ¥é“è€çˆ·çˆ·åˆé¥­åˆ°åº•åƒäº†äº›ä»€ä¹ˆã€‚,900032,22,,,,
4415,Experiment Group,,18,,,long,0.21,èˆ¹é•¿æƒ³çŸ¥é“å»ºç­‘å¸ˆæƒ³é£žè¡Œå‘˜ä¸ºä»€ä¹ˆè´£å¤‡äº†ç»æµŽå­¦å®¶ã€‚,118052,23,æƒ³,adj,,
4415,Experiment Group,,23,,,long,0.28,å›­ä¸æƒ³çŸ¥é“æ°´ç®¡å·¥çŒœç„Šå·¥ä¸ºä»€ä¹ˆè®­æ–¥äº†æ¸…æ´å·¥ã€‚,123092,24,çŒœ,adj,,
4415,Experiment Group,,,,,,0.21,å­¦ç”Ÿè‡ªå·±çš„é—®é¢˜å‘æå‡ºè€å¸ˆã€‚,900010,25,,,,
4415,Experiment Group,,,,,,0.82,å†¯é˜¿å§¨çž§è§äº†èƒŒç€ä¹¦åŒ…çš„ä¸­å­¦ç”Ÿã€‚,900017,26,,,,
4415,Experiment Group,,27,,,long,0.25,æ³•åŒ»æƒ³çŸ¥é“ä¸šåŠ¡å‘˜å¸Œæœ›ç½ªçŠ¯ä¸ºä»€ä¹ˆè°‹å®³äº†ç¨‹åºå‘˜ã€‚,127032,27,å¸Œæœ›,adj,,
4415,Experiment Group,,11,,,long,0.68,æ”¿å®¢æƒ³çŸ¥é“åŒ»ç”Ÿè§‰å¾—æŠ¤å£«æŽ¨å€’äº†è°ã€‚,211022,28,è§‰å¾—,arg,,
4415,Experiment Group,,,,,,0.25,èƒŒç€ä¹¦åŒ…çš„ä¸­å­¦ç”Ÿå†¯é˜¿å§¨æƒ³äº†è§£è’‹éƒ¨é•¿çž§è§äº†ä¸ºä»€ä¹ˆ,900008,29,,,,
4415,Experiment Group,,16,,,long,0.7,å¤§å­¦ç”Ÿæƒ³çŸ¥é“è®°è€…è¯´éŸ³ä¹è€å¸ˆå¤¸èµžäº†è°ã€‚,216012,30,è¯´,arg,,
4415,Experiment Group,,,,,,0.51,é¢†å¯¼è‡ªå·±çš„çƒ¦æ¼å‘å€¾è¯‰æœ‹å‹ã€‚,900009,31,,,,
4415,Experiment Group,,,,,,0.54,æˆ´ç€çœ¼é•œçš„åšå£«ç”Ÿéƒ‘ç§‘é•¿æƒ³è¦æ‰“å¬è´¹å”å”çœ‹åˆ°äº†ä¸ºä»€ä¹ˆ,900006,32,,,,
4415,Experiment Group,,17,,,long,0.54,ä¼šè®¡æƒ³çŸ¥é“æ¼”å‘˜è§‰å¾—ç¼–è¾‘ä¸ºä»€ä¹ˆé‚€è¯·äº†ç¥žçˆ¶ã€‚,117022,33,è§‰å¾—,adj,,
4415,Experiment Group,,,,,,0.33,æ‹¿ç€çƒ¤è‚ ä¸ºä»€ä¹ˆçš„å°å§‘å¨˜æŽç»ç†æƒ³è¦æ‰“å¬é™ˆæ ¡é•¿è§åˆ°äº†,900003,34,,,,
4415,Experiment Group,,,,,,0.7,æ•°å­¦è€å¸ˆæŒ‡å¯¼ä¸­å­¦ç”Ÿä»¬å¦‚ä½•è§£å†³é—®é¢˜ã€‚,900031,35,,,,
4415,Experiment Group,,,,,,0.81,è£…ä¿®å¸ˆå‚…ä¸æƒ³è§åˆ°åƒäº†æ±‰å ¡çš„å°å¥³å­©ã€‚,900024,36,,,,
4415,Experiment Group,,4,,,short,0.52,æ•™æŽˆæƒ³çŸ¥é“è°è§‰å¾—ç§˜ä¹¦æ‰¹è¯„äº†è¿åŠ¨å‘˜ã€‚,204021,37,è§‰å¾—,arg,,
4415,Experiment Group,,5,,,long,0.51,å¸‚é•¿æƒ³çŸ¥é“è®®å‘˜æ€•è‰ºæœ¯å®¶è”ç³»äº†è°ã€‚,205062,38,æ€•,arg,,
4415,Experiment Group,,,,,,0.04,åŠ©ç†è‡ªå·±çš„ç¼ºç‚¹å‘æŒ‡å‡ºç»ç†ã€‚,900011,39,,,,
4415,Experiment Group,,,,,,0.19,åŸºé‡‘ç®¡ç†å‘˜æœŸå¾…é¡¾å®¢å¯ä»¥æˆåŠŸåŽ†å²å­¦å®¶ã€‚,900013,40,,,,
4415,Experiment Group,,12,,,long,0.14,åŒ…å·¥å¤´æƒ³çŸ¥é“å’Œå°šå–œæ¬¢æ’­éŸ³å‘˜æ‰“ä¼¤äº†è°ã€‚,212072,41,å–œæ¬¢,arg,,
4415,Experiment Group,,,,,,0,å–ç€è±†æµ†ä¸ºä»€ä¹ˆçš„è€çˆ·çˆ·å‘¨è€æ¿æƒ³å¼„æ˜Žç™½éƒ‘ç§‘é•¿è§åˆ°äº†,900004,42,,,,
4415,Experiment Group,,19,,,long,0,ç»ç†æƒ³çŸ¥é“é“å£«å–œæ¬¢å’Œå°šä¸ºä»€ä¹ˆå¤¸å¥–äº†ä¹žä¸ã€‚,119072,43,å–œæ¬¢,adj,,
4415,Experiment Group,,,,,,0.7,é­è€å¸ˆçœ‹åˆ°äº†çœ‹äº†æŠ¥å‘Šçš„ç ”ç©¶ç”Ÿã€‚,900019,44,,,,
4415,Experiment Group,,14,,,short,0.78,è‹±è¯­è€å¸ˆæƒ³çŸ¥é“è°çŒœä¸­å­¦ç”Ÿä¸¾æŠ¥äº†åº—å‘˜ã€‚,214091,45,çŒœ,arg,,
4415,Experiment Group,,,,,,0.43,å†œä¸šä¸“å®¶ç›¸ä¿¡å¤©æ–‡å­¦å®¶å¯ä»¥é€€ä¼‘ç‰©ç†å­¦å®¶ã€‚,900016,46,,,,
4415,Experiment Group,,13,,,long,0.64,æœåŠ¡å‘˜æƒ³çŸ¥é“å”®ç¥¨å‘˜çŒœæ¼”è¯´å®¶æ¬ºéª—äº†è°ã€‚,213092,47,çŒœ,arg,,
4415,Experiment Group,,28,,,short,0.73,ä¸žç›¸æƒ³çŸ¥é“è°è¯´å°†å†›å¨èƒäº†å¤§è‡£ã€‚,228011,48,è¯´,arg,,
4415,Experiment Group,,,,,,0.19,ä¹°äº†æ²¹æ¡ä¸ºä»€ä¹ˆçš„å°ç”·å­©åˆ˜åŠ©ç†å¸Œæœ›çŸ¥é“é©¬ç§˜ä¹¦çž§è§äº†,900001,49,,,,
4415,Experiment Group,,,,,,0.15,æ‹Žç€è¢‹å­çš„å°å­¦ç”Ÿèµµå…ˆç”Ÿå‘äººæ‰“å¬è®¸åŽ‚é•¿è§åˆ°äº†ä¸ºä»€ä¹ˆ,900007,50,,,,
4415,Experiment Group,,,,,,0.2,å›½å®¶é¢†å¯¼äººæ‰¹å‡†å¹²éƒ¨å¯ä»¥ç¦»èŒç¿»è¯‘å®˜ã€‚,900014,51,,,,
4415,Experiment Group,,9,,,short,0.72,å°†å†›æƒ³çŸ¥é“è°æ€•å£«å…µè·Ÿè¸ªäº†æ€»ç»Ÿã€‚,209061,52,æ€•,arg,,
4415,Experiment Group,,3,,,short,0.19,ç»ç†æƒ³çŸ¥é“åŽ¨å¸ˆä¸ºä»€ä¹ˆæƒ³æœåŠ¡å‘˜æŽ¥å¾…äº†ä¹žä¸ã€‚,103051,53,æƒ³,adj,,
4415,Experiment Group,,,,,,0.6,å¤–ç§‘åŒ»ç”Ÿé¼“åŠ±ç—…äººå¤šé”»ç‚¼èº«ä½“ã€‚,900027,54,,,,
4415,Experiment Group,,25,,,long,0.19,ç¾Žå®¹å¸ˆæƒ³çŸ¥é“æˆ¿ä¸œæ€•è¥å…»å¸ˆä¸ºä»€ä¹ˆå“å”¬äº†å¿«é¤åº—å‘˜ã€‚,125062,55,æ€•,adj,,
4415,Experiment Group,,7,,,long,0.25,æ‘é•¿æƒ³çŸ¥é“å†œæ°‘è¯´æ˜Žç”µå·¥ä¸ºä»€ä¹ˆæ— è§†äº†é¢†å¯¼ã€‚,107042,56,è¯´æ˜Ž,adj,,
4415,Experiment Group,,,,,,1,æ ¡é•¿é‡åˆ°äº†æ‰›ç€ç®±å­çš„ç»´ä¿®å‘˜ã€‚,900018,57,,,,
4415,Experiment Group,,,,,,0.39,é˜Ÿå‘˜ä»¬è‡ªå·±çš„ä¼˜åŠ¿å‘éšçž’å¯¹æ‰‹ã€‚,900012,58,,,,
4415,Experiment Group,,20,,,short,0.57,å”®è´§å‘˜æƒ³çŸ¥é“è°è¯´æ˜Žæ‘„å½±å¸ˆæŒ‡è´£äº†å¿ƒç†åŒ»ç”Ÿã€‚,220041,59,è¯´æ˜Ž,arg,,
4415,Experiment Group,,,,,,0.14,æ–‡è‰ºè¯„è®ºå®¶æ€€ç–‘ç¼–è¾‘å¯ä»¥å·æ‡’æ•™æŽˆã€‚,900015,60,,,,
4415,Experiment Group,,10,,,long,0.19,å¯¼æ¸¸æƒ³çŸ¥é“å¤–å›½äººè¯´ä¿å®‰ä¸ºä»€ä¹ˆè¢­å‡»äº†å•†è´©ã€‚,110012,61,è¯´,adj,,
4415,Experiment Group,,29,,,long,0.16,ç¼–è¾‘æƒ³çŸ¥é“æ³•åŠ¡é¡¾é—®è¯´æ˜Žæ‚æŠ€æ¼”å‘˜æŠšå…»äº†è°ã€‚,229042,62,è¯´æ˜Ž,arg,,
4415,Experiment Group,,,,,,0.56,æ•™æŽˆè®¤è¯†ä¿®äº†æ¡Œå­çš„å·¥äººã€‚,900020,63,,,,
4415,Experiment Group,,21,,,short,0.54,çœé•¿æƒ³çŸ¥é“è°æƒ³å°æŠ¥è®°è€…é‡‡è®¿äº†ç¨ŽåŠ¡å‘˜ã€‚,221051,64,æƒ³,arg,,
4413,Experiment Group,,,practice_good,practice_good,,1,,,0,,,0,
4413,Experiment Group,,,practice_bad,practice_bad,,0.17,,,0,,,0,
4413,Experiment Group,,6,,,long,0.87,æ£€å¯Ÿå®˜æƒ³çŸ¥é“æ•™ç»ƒå‘˜è§‰å¾—éŸ³ä¹å®¶ä¸ºä»€ä¹ˆå¼€é™¤äº†ä¿é•–ã€‚,106022,1,è§‰å¾—,adj,,
4413,Experiment Group,,27,,,long,0.9,æ³•åŒ»æƒ³çŸ¥é“ä¸šåŠ¡å‘˜æ€•ç½ªçŠ¯è°‹å®³äº†è°ã€‚,227062,2,æ€•,arg,,
4413,Experiment Group,,,,,,0.9,éƒ¨é•¿æ²¡è§è¿‡åƒäº†åŒ…å­çš„å¤§å­¦ç”Ÿã€‚,900021,3,,,,
4413,Experiment Group,,16,,,short,0.48,å¤§å­¦ç”Ÿæƒ³çŸ¥é“è°æ€•éŸ³ä¹è€å¸ˆå¤¸èµžäº†æ­Œæ‰‹ã€‚,216061,4,æ€•,arg,,
4413,Experiment Group,,7,,,short,0.93,æ‘é•¿æƒ³çŸ¥é“å†œæ°‘ä¸ºä»€ä¹ˆè§‰å¾—ç”µå·¥æ— è§†äº†é¢†å¯¼ã€‚,107021,5,è§‰å¾—,adj,,
4413,Experiment Group,,,,,,0.92,å†¯é˜¿å§¨çž§è§äº†èƒŒç€ä¹¦åŒ…çš„ä¸­å­¦ç”Ÿã€‚,900017,6,,,,
4413,Experiment Group,,17,,,long,0.16,ä¼šè®¡æƒ³çŸ¥é“æ¼”å‘˜å–œæ¬¢ç¼–è¾‘ä¸ºä»€ä¹ˆé‚€è¯·äº†ç¥žçˆ¶ã€‚,117072,7,å–œæ¬¢,adj,,
4413,Experiment Group,,19,,,long,0.27,ç»ç†æƒ³çŸ¥é“é“å£«è¯´æ˜Žå’Œå°šå¤¸å¥–äº†è°ã€‚,219042,8,è¯´æ˜Ž,arg,,
4413,Experiment Group,,,,,,1,è¿åŠ¨å‘˜çš„å§å§å‘è€å¸ˆè¯·æ•™äº†ä¸€ä¸ªé—®é¢˜ã€‚,900026,9,,,,
4413,Experiment Group,,9,,,long,0.83,å°†å†›æƒ³çŸ¥é“é—´è°æƒ³å£«å…µè·Ÿè¸ªäº†è°ã€‚,209052,10,æƒ³,arg,,
4413,Experiment Group,,,,,,1,æ•™å¯¼ä¸»ä»»é¼“åŠ±å­¦ç”Ÿä»¬è¿½æ±‚è‡ªå·±çš„æ¢¦æƒ³ã€‚,900030,11,,,,
4413,Experiment Group,,22,,,short,0.26,é¡¾é—®æƒ³çŸ¥é“è°çŒœç”Ÿç‰©å­¦å®¶å˜²è®½äº†å“²å­¦å®¶ã€‚,222091,12,çŒœ,arg,,
4413,Experiment Group,,30,,,long,0.22,èˆžè¹ˆè€å¸ˆæƒ³çŸ¥é“å®žä¹ ç”ŸçŒœæ­Œæ‰‹èµžç¾Žäº†è°ã€‚,230092,13,çŒœ,arg,,
4413,Experiment Group,,,,,,0.17,æ–‡è‰ºè¯„è®ºå®¶æ€€ç–‘ç¼–è¾‘å¯ä»¥å·æ‡’æ•™æŽˆã€‚,900015,14,,,,
4413,Experiment Group,,,,,,0.25,å›½å®¶é¢†å¯¼äººæ‰¹å‡†å¹²éƒ¨å¯ä»¥ç¦»èŒç¿»è¯‘å®˜ã€‚,900014,15,,,,
4413,Experiment Group,,,,,,0.88,å†œä¸šä¸“å®¶ç›¸ä¿¡å¤©æ–‡å­¦å®¶å¯ä»¥é€€ä¼‘ç‰©ç†å­¦å®¶ã€‚,900016,16,,,,
4413,Experiment Group,,18,,,long,0.82,èˆ¹é•¿æƒ³çŸ¥é“å»ºç­‘å¸ˆæƒ³é£žè¡Œå‘˜ä¸ºä»€ä¹ˆè´£å¤‡äº†ç»æµŽå­¦å®¶ã€‚,118052,17,æƒ³,adj,,
4413,Experiment Group,,,,,,0.6,æ•™æŽˆè®¤è¯†ä¿®äº†æ¡Œå­çš„å·¥äººã€‚,900020,18,,,,
4413,Experiment Group,,8,,,short,0.21,ä¾¦æŽ¢æƒ³çŸ¥é“è°è§‰å¾—é£žè¡Œå‘˜ç¾žè¾±äº†å¡è½¦å¸æœºã€‚,208021,19,è§‰å¾—,arg,,
4413,Experiment Group,,,,,,1,ä¿å§†æƒ³çŸ¥é“è€çˆ·çˆ·åˆé¥­åˆ°åº•åƒäº†äº›ä»€ä¹ˆã€‚,900032,20,,,,
4413,Experiment Group,,,,,,1,æ•°å­¦è€å¸ˆæŒ‡å¯¼ä¸­å­¦ç”Ÿä»¬å¦‚ä½•è§£å†³é—®é¢˜ã€‚,900031,21,,,,
4413,Experiment Group,,,,,,0.12,ç«¯ç€å‡‰çš®ä¸ºä»€ä¹ˆçš„å°ä¼™å­å­™å¸‚é•¿å‘äººæ‰“å¬éŸ©æ‘é•¿çœ‹åˆ°äº†,900002,22,,,,
4413,Experiment Group,,25,,,short,0.84,ç¾Žå®¹å¸ˆæƒ³çŸ¥é“è°å–œæ¬¢è¥å…»å¸ˆå“å”¬äº†å¿«é¤åº—å‘˜ã€‚,225071,23,å–œæ¬¢,arg,,
4413,Experiment Group,,3,,,short,0.8,ç»ç†æƒ³çŸ¥é“è°è¯´æ˜ŽæœåŠ¡å‘˜æŽ¥å¾…äº†ä¹žä¸ã€‚,203041,24,è¯´æ˜Ž,arg,,
4413,Experiment Group,,,,,,0.81,é¢†å¯¼è‡ªå·±çš„çƒ¦æ¼å‘å€¾è¯‰æœ‹å‹ã€‚,900009,25,,,,
4413,Experiment Group,,13,,,long,0.22,æœåŠ¡å‘˜æƒ³çŸ¥é“å”®ç¥¨å‘˜è¯´æ¼”è¯´å®¶ä¸ºä»€ä¹ˆæ¬ºéª—äº†å»ºç­‘å·¥äººã€‚,113012,26,è¯´,adj,,
4413,Experiment Group,,21,,,short,0.91,çœé•¿æƒ³çŸ¥é“è°è¯´å°æŠ¥è®°è€…é‡‡è®¿äº†ç¨ŽåŠ¡å‘˜ã€‚,221011,27,è¯´,arg,,
4413,Experiment Group,,,,,,0.48,é˜Ÿå‘˜ä»¬è‡ªå·±çš„ä¼˜åŠ¿å‘éšçž’å¯¹æ‰‹ã€‚,900012,28,,,,
4413,Experiment Group,,,,,,0.04,æ‹¿ç€çƒ¤è‚ ä¸ºä»€ä¹ˆçš„å°å§‘å¨˜æŽç»ç†æƒ³è¦æ‰“å¬é™ˆæ ¡é•¿è§åˆ°äº†,900003,29,,,,
4413,Experiment Group,,2,,,long,1,æ³•å®˜æƒ³çŸ¥é“å¾‹å¸ˆè¯´è­¦å¯Ÿå®¡é—®äº†è°ã€‚,202012,30,è¯´,arg,,
4413,Experiment Group,,12,,,long,0.15,åŒ…å·¥å¤´æƒ³çŸ¥é“å’Œå°šæ€•æ’­éŸ³å‘˜ä¸ºä»€ä¹ˆæ‰“ä¼¤äº†ç®—å‘½å…ˆç”Ÿã€‚,112062,31,æ€•,adj,,
4413,Experiment Group,,,,,,0.84,éƒ¨é—¨ç»ç†çš„å¥½æœ‹å‹å‘çˆ¶æ¯å€¾è¯‰äº†è‡ªå·±çš„çƒ¦æ¼ã€‚,900025,32,,,,
4413,Experiment Group,,1,,,long,0.13,è€å¸ˆæƒ³çŸ¥é“å­¦ç”Ÿå¸Œæœ›ä¿®ç†å·¥æ‰“äº†è°ã€‚,201032,33,å¸Œæœ›,arg,,
4413,Experiment Group,,31,,,long,0.24,å¿ƒç†å­¦å®¶æƒ³çŸ¥é“å¤§å­¦ç”ŸçŒœä¿å§†ä¸ºä»€ä¹ˆè®¨å¥½äº†ç†å‘å¸ˆã€‚,131092,34,çŒœ,adj,,
4413,Experiment Group,,,,,,0.1,é­è€å¸ˆçœ‹åˆ°äº†çœ‹äº†æŠ¥å‘Šçš„ç ”ç©¶ç”Ÿã€‚,900019,35,,,,
4413,Experiment Group,,20,,,short,0.65,å”®è´§å‘˜æƒ³çŸ¥é“ä½œæ›²å®¶ä¸ºä»€ä¹ˆæƒ³æ‘„å½±å¸ˆæŒ‡è´£äº†å¿ƒç†åŒ»ç”Ÿã€‚,120051,36,æƒ³,adj,,
4413,Experiment Group,,,,,,0.83,æ ¡é•¿é‡åˆ°äº†æ‰›ç€ç®±å­çš„ç»´ä¿®å‘˜ã€‚,900018,37,,,,
4413,Experiment Group,,4,,,long,0.19,æ•™æŽˆæƒ³çŸ¥é“å·¥ç¨‹å¸ˆå¸Œæœ›ç§˜ä¹¦ä¸ºä»€ä¹ˆæ‰¹è¯„äº†è¿åŠ¨å‘˜ã€‚,104032,38,å¸Œæœ›,adj,,
4413,Experiment Group,,,,,,1,é¡¾é—®æ²¡æ³¨æ„åˆ°ç«¯ç€ç›˜å­çš„é˜¿å§¨ã€‚,900023,39,,,,
4413,Experiment Group,,10,,,long,0.89,å¯¼æ¸¸æƒ³çŸ¥é“å¤–å›½äººè§‰å¾—ä¿å®‰è¢­å‡»äº†è°ã€‚,210022,40,è§‰å¾—,arg,,
4413,Experiment Group,,,,,,0.05,åŸºé‡‘ç®¡ç†å‘˜æœŸå¾…é¡¾å®¢å¯ä»¥æˆåŠŸåŽ†å²å­¦å®¶ã€‚,900013,41,,,,
4413,Experiment Group,,,,,,0.08,ä¹°äº†æ²¹æ¡ä¸ºä»€ä¹ˆçš„å°ç”·å­©åˆ˜åŠ©ç†å¸Œæœ›çŸ¥é“é©¬ç§˜ä¹¦çž§è§äº†,900001,42,,,,
4413,Experiment Group,,,,,,0.32,èƒŒç€ä¹¦åŒ…çš„ä¸­å­¦ç”Ÿå†¯é˜¿å§¨æƒ³äº†è§£è’‹éƒ¨é•¿çž§è§äº†ä¸ºä»€ä¹ˆ,900008,43,,,,
4413,Experiment Group,,26,,,short,0.81,åˆ¶ç‰‡äººæƒ³çŸ¥é“å¥èº«æ•™ç»ƒä¸ºä»€ä¹ˆè¯´åŒ–å¦†å¸ˆç›‘è§†äº†è°ƒé…’å¸ˆã€‚,126011,44,è¯´,adj,,
4413,Experiment Group,,24,,,short,0.88,ä»“åº“ç®¡ç†å‘˜æƒ³çŸ¥é“é‡‡è´­å‘˜ä¸ºä»€ä¹ˆå¸Œæœ›ä¿é™©ä»£ç†äººæŒ–è‹¦äº†æ¨¡ç‰¹ã€‚,124031,45,å¸Œæœ›,adj,,
4413,Experiment Group,,,,,,0.08,æ‹Žç€è¢‹å­çš„å°å­¦ç”Ÿèµµå…ˆç”Ÿå‘äººæ‰“å¬è®¸åŽ‚é•¿è§åˆ°äº†ä¸ºä»€ä¹ˆ,900007,46,,,,
4413,Experiment Group,,29,,,short,0.7,ç¼–è¾‘æƒ³çŸ¥é“æ³•åŠ¡é¡¾é—®ä¸ºä»€ä¹ˆçŒœæ‚æŠ€æ¼”å‘˜æŠšå…»äº†å°å¥³å­©ã€‚,129091,47,çŒœ,adj,,
4413,Experiment Group,,,,,,1,äº¤è­¦åœ¨é©¬è·¯è¾¹æé†’è¡Œäººè¦æ³¨æ„å®‰å…¨ã€‚,900029,48,,,,
4413,Experiment Group,,,,,,0.55,å­¦ç”Ÿè‡ªå·±çš„é—®é¢˜å‘æå‡ºè€å¸ˆã€‚,900010,49,,,,
4413,Experiment Group,,11,,,short,0.87,æ”¿å®¢æƒ³çŸ¥é“è°å¸Œæœ›æŠ¤å£«æŽ¨å€’äº†ç”·å­©ã€‚,211031,50,å¸Œæœ›,arg,,
4413,Experiment Group,,,,,,0.22,æˆ´ç€çœ¼é•œçš„åšå£«ç”Ÿéƒ‘ç§‘é•¿æƒ³è¦æ‰“å¬è´¹å”å”çœ‹åˆ°äº†ä¸ºä»€ä¹ˆ,900006,51,,,,
4413,Experiment Group,,5,,,short,0.84,å¸‚é•¿æƒ³çŸ¥é“è®®å‘˜ä¸ºä»€ä¹ˆè¯´æ˜Žè‰ºæœ¯å®¶è”ç³»äº†æ¯’æž­ã€‚,105041,52,è¯´æ˜Ž,adj,,
4413,Experiment Group,,32,,,long,0.11,åŠ©æ‰‹æƒ³çŸ¥é“å†›å®˜å–œæ¬¢è€å¸ˆå‡ºå–äº†è°ã€‚,232072,53,å–œæ¬¢,arg,,
4413,Experiment Group,,,,,,0.93,æ‘é•¿ä¸æƒ³è§ä¹°äº†å¡è½¦çš„æ‘æ°‘ã€‚,900022,54,,,,
4413,Experiment Group,,15,,,short,0.87,ä¸»æŒäººæƒ³çŸ¥é“å­¦è€…ä¸ºä»€ä¹ˆå–œæ¬¢æ”¿åºœå®˜å‘˜æ‰¹è¯„äº†æ€»ç»Ÿå€™é€‰äººã€‚,115071,55,å–œæ¬¢,adj,,
4413,Experiment Group,,,,,,1,å¤–ç§‘åŒ»ç”Ÿé¼“åŠ±ç—…äººå¤šé”»ç‚¼èº«ä½“ã€‚,900027,56,,,,
4413,Experiment Group,,,,,,1,è£…ä¿®å¸ˆå‚…ä¸æƒ³è§åˆ°åƒäº†æ±‰å ¡çš„å°å¥³å­©ã€‚,900024,57,,,,
4413,Experiment Group,,14,,,long,0.89,è‹±è¯­è€å¸ˆæƒ³çŸ¥é“å·¥ç¨‹å¸ˆè¯´æ˜Žä¸­å­¦ç”Ÿä¸ºä»€ä¹ˆä¸¾æŠ¥äº†åº—å‘˜ã€‚,114042,58,è¯´æ˜Ž,adj,,
4413,Experiment Group,,,,,,0,å–ç€è±†æµ†ä¸ºä»€ä¹ˆçš„è€çˆ·çˆ·å‘¨è€æ¿æƒ³å¼„æ˜Žç™½éƒ‘ç§‘é•¿è§åˆ°äº†,900004,59,,,,
4413,Experiment Group,,,,,,0.86,å¹¿å‘Šå•†é‚€è¯·å®¢æˆ·å‚åŠ åœ¨è¥¿é¤åŽ…ä¸¾åŠžçš„å®´ä¼šã€‚,900028,60,,,,
4413,Experiment Group,,23,,,short,0.36,å›­ä¸æƒ³çŸ¥é“æ°´ç®¡å·¥ä¸ºä»€ä¹ˆæ€•ç„Šå·¥è®­æ–¥äº†æ¸…æ´å·¥ã€‚,123061,61,æ€•,adj,,
4413,Experiment Group,,,,,,0.37,åŠ©ç†è‡ªå·±çš„ç¼ºç‚¹å‘æŒ‡å‡ºç»ç†ã€‚,900011,62,,,,
4413,Experiment Group,,28,,,short,0.48,ä¸žç›¸æƒ³çŸ¥é“è°æƒ³å°†å†›å¨èƒäº†å¤§è‡£ã€‚,228051,63,æƒ³,arg,,
4413,Experiment Group,,,,,,0.14,ç©¿ç€å¤–å¥—çš„è€å¥¶å¥¶å´å¤„é•¿æƒ³çŸ¥é“èµµå…ˆç”Ÿè§åˆ°äº†ä¸ºä»€ä¹ˆ,900005,64,,,,
4404,Experiment Group,,,practice_good,practice_good,,1,,,0,,,0,
4404,Experiment Group,,,practice_bad,practice_bad,,0,,,0,,,0,
4404,Experiment Group,,14,,,short,0,è‹±è¯­è€å¸ˆæƒ³çŸ¥é“è°å¸Œæœ›ä¸­å­¦ç”Ÿä¸¾æŠ¥äº†åº—å‘˜ã€‚,214031,1,å¸Œæœ›,arg,,
4404,Experiment Group,,,,,,0,æ‹Žç€è¢‹å­çš„å°å­¦ç”Ÿèµµå…ˆç”Ÿå‘äººæ‰“å¬è®¸åŽ‚é•¿è§åˆ°äº†ä¸ºä»€ä¹ˆ,900007,2,,,,
4404,Experiment Group,,,,,,0.83,æ•™æŽˆè®¤è¯†ä¿®äº†æ¡Œå­çš„å·¥äººã€‚,900020,3,,,,
4404,Experiment Group,,21,,,long,0.21,çœé•¿æƒ³çŸ¥é“è¯å‰‚å¸ˆè¯´å°æŠ¥è®°è€…é‡‡è®¿äº†è°ã€‚,221012,4,è¯´,arg,,
4404,Experiment Group,,9,,,short,0.68,å°†å†›æƒ³çŸ¥é“é—´è°ä¸ºä»€ä¹ˆè¯´å£«å…µè·Ÿè¸ªäº†æ€»ç»Ÿã€‚,109011,5,è¯´,adj,,
4404,Experiment Group,,,,,,0,é˜Ÿå‘˜ä»¬è‡ªå·±çš„ä¼˜åŠ¿å‘éšçž’å¯¹æ‰‹ã€‚,900012,6,,,,
4404,Experiment Group,,24,,,short,0.01,ä»“åº“ç®¡ç†å‘˜æƒ³çŸ¥é“è°è§‰å¾—ä¿é™©ä»£ç†äººæŒ–è‹¦äº†æ¨¡ç‰¹ã€‚,224021,7,è§‰å¾—,arg,,
4404,Experiment Group,,,,,,1,ä¿å§†æƒ³çŸ¥é“è€çˆ·çˆ·åˆé¥­åˆ°åº•åƒäº†äº›ä»€ä¹ˆã€‚,900032,8,,,,
4404,Experiment Group,,25,,,long,0.07,ç¾Žå®¹å¸ˆæƒ³çŸ¥é“æˆ¿ä¸œæ€•è¥å…»å¸ˆä¸ºä»€ä¹ˆå“å”¬äº†å¿«é¤åº—å‘˜ã€‚,125062,9,æ€•,adj,,
4404,Experiment Group,,6,,,short,0.34,æ£€å¯Ÿå®˜æƒ³çŸ¥é“æ•™ç»ƒå‘˜ä¸ºä»€ä¹ˆæ€•éŸ³ä¹å®¶å¼€é™¤äº†ä¿é•–ã€‚,106061,10,æ€•,adj,,
4404,Experiment Group,,,,,,0,åŠ©ç†è‡ªå·±çš„ç¼ºç‚¹å‘æŒ‡å‡ºç»ç†ã€‚,900011,11,,,,
4404,Experiment Group,,32,,,short,0.32,åŠ©æ‰‹æƒ³çŸ¥é“è°å–œæ¬¢è€å¸ˆå‡ºå–äº†æ°´æ‰‹ã€‚,232071,12,å–œæ¬¢,arg,,
4404,Experiment Group,,,,,,1,å¹¿å‘Šå•†é‚€è¯·å®¢æˆ·å‚åŠ åœ¨è¥¿é¤åŽ…ä¸¾åŠžçš„å®´ä¼šã€‚,900028,13,,,,
4404,Experiment Group,,12,,,long,0.07,åŒ…å·¥å¤´æƒ³çŸ¥é“å’Œå°šæ€•æ’­éŸ³å‘˜æ‰“ä¼¤äº†è°ã€‚,212062,14,æ€•,arg,,
4404,Experiment Group,,7,,,short,0.66,æ‘é•¿æƒ³çŸ¥é“å†œæ°‘ä¸ºä»€ä¹ˆè§‰å¾—ç”µå·¥æ— è§†äº†é¢†å¯¼ã€‚,107021,15,è§‰å¾—,adj,,
4404,Experiment Group,,,,,,0.72,æˆ´ç€çœ¼é•œçš„åšå£«ç”Ÿéƒ‘ç§‘é•¿æƒ³è¦æ‰“å¬è´¹å”å”çœ‹åˆ°äº†ä¸ºä»€ä¹ˆ,900006,16,,,,
4404,Experiment Group,,,,,,0,åŸºé‡‘ç®¡ç†å‘˜æœŸå¾…é¡¾å®¢å¯ä»¥æˆåŠŸåŽ†å²å­¦å®¶ã€‚,900013,17,,,,
4404,Experiment Group,,,,,,0.04,èƒŒç€ä¹¦åŒ…çš„ä¸­å­¦ç”Ÿå†¯é˜¿å§¨æƒ³äº†è§£è’‹éƒ¨é•¿çž§è§äº†ä¸ºä»€ä¹ˆ,900008,18,,,,
4404,Experiment Group,,3,,,long,0.37,ç»ç†æƒ³çŸ¥é“åŽ¨å¸ˆå¸Œæœ›æœåŠ¡å‘˜ä¸ºä»€ä¹ˆæŽ¥å¾…äº†ä¹žä¸ã€‚,103032,19,å¸Œæœ›,adj,,
4404,Experiment Group,,,,,,0,å†œä¸šä¸“å®¶ç›¸ä¿¡å¤©æ–‡å­¦å®¶å¯ä»¥é€€ä¼‘ç‰©ç†å­¦å®¶ã€‚,900016,20,,,,
4404,Experiment Group,,,,,,1,æ ¡é•¿é‡åˆ°äº†æ‰›ç€ç®±å­çš„ç»´ä¿®å‘˜ã€‚,900018,21,,,,
4404,Experiment Group,,30,,,long,0.24,èˆžè¹ˆè€å¸ˆæƒ³çŸ¥é“å®žä¹ ç”Ÿè§‰å¾—æ­Œæ‰‹èµžç¾Žäº†è°ã€‚,230022,22,è§‰å¾—,arg,,
4404,Experiment Group,,2,,,long,0.11,æ³•å®˜æƒ³çŸ¥é“å¾‹å¸ˆå–œæ¬¢è­¦å¯Ÿå®¡é—®äº†è°ã€‚,202072,23,å–œæ¬¢,arg,,
4404,Experiment Group,,,,,,0,å­¦ç”Ÿè‡ªå·±çš„é—®é¢˜å‘æå‡ºè€å¸ˆã€‚,900010,24,,,,
4404,Experiment Group,,17,,,long,0.37,ä¼šè®¡æƒ³çŸ¥é“æ¼”å‘˜è§‰å¾—ç¼–è¾‘ä¸ºä»€ä¹ˆé‚€è¯·äº†ç¥žçˆ¶ã€‚,117022,25,è§‰å¾—,adj,,
4404,Experiment Group,,,,,,0.07,æ–‡è‰ºè¯„è®ºå®¶æ€€ç–‘ç¼–è¾‘å¯ä»¥å·æ‡’æ•™æŽˆã€‚,900015,26,,,,
4404,Experiment Group,,19,,,long,0.05,ç»ç†æƒ³çŸ¥é“é“å£«æƒ³å’Œå°šä¸ºä»€ä¹ˆå¤¸å¥–äº†ä¹žä¸ã€‚,119052,27,æƒ³,adj,,
4404,Experiment Group,,,,,,0.63,ç©¿ç€å¤–å¥—çš„è€å¥¶å¥¶å´å¤„é•¿æƒ³çŸ¥é“èµµå…ˆç”Ÿè§åˆ°äº†ä¸ºä»€ä¹ˆ,900005,28,,,,
4404,Experiment Group,,10,,,long,0,å¯¼æ¸¸æƒ³çŸ¥é“å¤–å›½äººæƒ³ä¿å®‰è¢­å‡»äº†è°ã€‚,210052,29,æƒ³,arg,,
4404,Experiment Group,,,,,,0.86,è£…ä¿®å¸ˆå‚…ä¸æƒ³è§åˆ°åƒäº†æ±‰å ¡çš„å°å¥³å­©ã€‚,900024,30,,,,
4404,Experiment Group,,8,,,long,0.24,ä¾¦æŽ¢æƒ³çŸ¥é“å”®è´§å‘˜çŒœé£žè¡Œå‘˜ä¸ºä»€ä¹ˆç¾žè¾±äº†å¡è½¦å¸æœºã€‚,108092,31,çŒœ,adj,,
4404,Experiment Group,,13,,,short,0,æœåŠ¡å‘˜æƒ³çŸ¥é“è°æƒ³æ¼”è¯´å®¶æ¬ºéª—äº†å»ºç­‘å·¥äººã€‚,213051,32,æƒ³,arg,,
4404,Experiment Group,,,,,,0.77,è¿åŠ¨å‘˜çš„å§å§å‘è€å¸ˆè¯·æ•™äº†ä¸€ä¸ªé—®é¢˜ã€‚,900026,33,,,,
4404,Experiment Group,,5,,,long,0.32,å¸‚é•¿æƒ³çŸ¥é“è®®å‘˜çŒœè‰ºæœ¯å®¶è”ç³»äº†è°ã€‚,205092,34,çŒœ,arg,,
4404,Experiment Group,,16,,,short,0.3,å¤§å­¦ç”Ÿæƒ³çŸ¥é“è®°è€…ä¸ºä»€ä¹ˆæƒ³éŸ³ä¹è€å¸ˆå¤¸èµžäº†æ­Œæ‰‹ã€‚,116051,35,æƒ³,adj,,
4404,Experiment Group,,,,,,0,é¢†å¯¼è‡ªå·±çš„çƒ¦æ¼å‘å€¾è¯‰æœ‹å‹ã€‚,900009,36,,,,
4404,Experiment Group,,1,,,long,0.8,è€å¸ˆæƒ³çŸ¥é“å­¦ç”Ÿè¯´ä¿®ç†å·¥ä¸ºä»€ä¹ˆæ‰“äº†å¿«é€’å‘˜ã€‚,101012,37,è¯´,adj,,
4404,Experiment Group,,,,,,0,ç«¯ç€å‡‰çš®ä¸ºä»€ä¹ˆçš„å°ä¼™å­å­™å¸‚é•¿å‘äººæ‰“å¬éŸ©æ‘é•¿çœ‹åˆ°äº†,900002,38,,,,
4404,Experiment Group,,22,,,short,0.11,é¡¾é—®æƒ³çŸ¥é“å¤–äº¤å®˜ä¸ºä»€ä¹ˆè¯´æ˜Žç”Ÿç‰©å­¦å®¶å˜²è®½äº†å“²å­¦å®¶ã€‚,122041,39,è¯´æ˜Ž,adj,,
4404,Experiment Group,,,,,,0.71,æ•™å¯¼ä¸»ä»»é¼“åŠ±å­¦ç”Ÿä»¬è¿½æ±‚è‡ªå·±çš„æ¢¦æƒ³ã€‚,900030,40,,,,
4404,Experiment Group,,,,,,1,æ•°å­¦è€å¸ˆæŒ‡å¯¼ä¸­å­¦ç”Ÿä»¬å¦‚ä½•è§£å†³é—®é¢˜ã€‚,900031,41,,,,
4404,Experiment Group,,,,,,0.56,é­è€å¸ˆçœ‹åˆ°äº†çœ‹äº†æŠ¥å‘Šçš„ç ”ç©¶ç”Ÿã€‚,900019,42,,,,
4404,Experiment Group,,31,,,long,0,å¿ƒç†å­¦å®¶æƒ³çŸ¥é“å¤§å­¦ç”Ÿè¯´æ˜Žä¿å§†è®¨å¥½äº†è°ã€‚,231042,43,è¯´æ˜Ž,arg,,
4404,Experiment Group,,,,,,0.93,å†¯é˜¿å§¨çž§è§äº†èƒŒç€ä¹¦åŒ…çš„ä¸­å­¦ç”Ÿã€‚,900017,44,,,,
4404,Experiment Group,,18,,,long,0,èˆ¹é•¿æƒ³çŸ¥é“å»ºç­‘å¸ˆå¸Œæœ›é£žè¡Œå‘˜è´£å¤‡äº†è°ã€‚,218032,45,å¸Œæœ›,arg,,
4404,Experiment Group,,20,,,short,0.7,å”®è´§å‘˜æƒ³çŸ¥é“è°è¯´æ‘„å½±å¸ˆæŒ‡è´£äº†å¿ƒç†åŒ»ç”Ÿã€‚,220011,46,è¯´,arg,,
4404,Experiment Group,,,,,,0.81,éƒ¨é—¨ç»ç†çš„å¥½æœ‹å‹å‘çˆ¶æ¯å€¾è¯‰äº†è‡ªå·±çš„çƒ¦æ¼ã€‚,900025,47,,,,
4404,Experiment Group,,15,,,short,0.47,ä¸»æŒäººæƒ³çŸ¥é“å­¦è€…ä¸ºä»€ä¹ˆå¸Œæœ›æ”¿åºœå®˜å‘˜æ‰¹è¯„äº†æ€»ç»Ÿå€™é€‰äººã€‚,115031,48,å¸Œæœ›,adj,,
4404,Experiment Group,,,,,,1,æ‘é•¿ä¸æƒ³è§ä¹°äº†å¡è½¦çš„æ‘æ°‘ã€‚,900022,49,,,,
4404,Experiment Group,,4,,,short,0,æ•™æŽˆæƒ³çŸ¥é“å·¥ç¨‹å¸ˆä¸ºä»€ä¹ˆå–œæ¬¢ç§˜ä¹¦æ‰¹è¯„äº†è¿åŠ¨å‘˜ã€‚,104071,50,å–œæ¬¢,adj,,
4404,Experiment Group,,,,,,1,é¡¾é—®æ²¡æ³¨æ„åˆ°ç«¯ç€ç›˜å­çš„é˜¿å§¨ã€‚,900023,51,,,,
4404,Experiment Group,,23,,,long,0.01,å›­ä¸æƒ³çŸ¥é“æ°´ç®¡å·¥è¯´æ˜Žç„Šå·¥ä¸ºä»€ä¹ˆè®­æ–¥äº†æ¸…æ´å·¥ã€‚,123042,52,è¯´æ˜Ž,adj,,
4404,Experiment Group,,29,,,short,0,ç¼–è¾‘æƒ³çŸ¥é“è°çŒœæ‚æŠ€æ¼”å‘˜æŠšå…»äº†å°å¥³å­©ã€‚,229091,53,çŒœ,arg,,
4404,Experiment Group,,,,,,1,äº¤è­¦åœ¨é©¬è·¯è¾¹æé†’è¡Œäººè¦æ³¨æ„å®‰å…¨ã€‚,900029,54,,,,
4404,Experiment Group,,28,,,short,0.3,ä¸žç›¸æƒ³çŸ¥é“è°è¯´æ˜Žå°†å†›å¨èƒäº†å¤§è‡£ã€‚,228041,55,è¯´æ˜Ž,arg,,
4404,Experiment Group,,27,,,short,0.43,æ³•åŒ»æƒ³çŸ¥é“ä¸šåŠ¡å‘˜ä¸ºä»€ä¹ˆçŒœç½ªçŠ¯è°‹å®³äº†ç¨‹åºå‘˜ã€‚,127091,56,çŒœ,adj,,
4404,Experiment Group,,,,,,0.74,éƒ¨é•¿æ²¡è§è¿‡åƒäº†åŒ…å­çš„å¤§å­¦ç”Ÿã€‚,900021,57,,,,
4404,Experiment Group,,,,,,0,ä¹°äº†æ²¹æ¡ä¸ºä»€ä¹ˆçš„å°ç”·å­©åˆ˜åŠ©ç†å¸Œæœ›çŸ¥é“é©¬ç§˜ä¹¦çž§è§äº†,900001,58,,,,
4404,Experiment Group,,,,,,0,å–ç€è±†æµ†ä¸ºä»€ä¹ˆçš„è€çˆ·çˆ·å‘¨è€æ¿æƒ³å¼„æ˜Žç™½éƒ‘ç§‘é•¿è§åˆ°äº†,900004,59,,,,
4404,Experiment Group,,,,,,0,æ‹¿ç€çƒ¤è‚ ä¸ºä»€ä¹ˆçš„å°å§‘å¨˜æŽç»ç†æƒ³è¦æ‰“å¬é™ˆæ ¡é•¿è§åˆ°äº†,900003,60,,,,
4404,Experiment Group,,,,,,1,å¤–ç§‘åŒ»ç”Ÿé¼“åŠ±ç—…äººå¤šé”»ç‚¼èº«ä½“ã€‚,900027,61,,,,
4404,Experiment Group,,,,,,0.03,å›½å®¶é¢†å¯¼äººæ‰¹å‡†å¹²éƒ¨å¯ä»¥ç¦»èŒç¿»è¯‘å®˜ã€‚,900014,62,,,,
4404,Experiment Group,,11,,,short,0,æ”¿å®¢æƒ³çŸ¥é“è°æ€•æŠ¤å£«æŽ¨å€’äº†ç”·å­©ã€‚,211061,63,æ€•,arg,,
4404,Experiment Group,,26,,,long,0,åˆ¶ç‰‡äººæƒ³çŸ¥é“å¥èº«æ•™ç»ƒå–œæ¬¢åŒ–å¦†å¸ˆä¸ºä»€ä¹ˆç›‘è§†äº†è°ƒé…’å¸ˆã€‚,126072,64,å–œæ¬¢,adj,,
4411,Experiment Group,,,practice_good,practice_good,,0.85,,,0,,,0,
4411,Experiment Group,,,practice_bad,practice_bad,,0.47,,,0,,,0,
4411,Experiment Group,,16,,,long,0.78,å¤§å­¦ç”Ÿæƒ³çŸ¥é“è®°è€…å¸Œæœ›éŸ³ä¹è€å¸ˆä¸ºä»€ä¹ˆå¤¸èµžäº†æ­Œæ‰‹ã€‚,116032,1,å¸Œæœ›,adj,,
4411,Experiment Group,,,,,,0.55,è£…ä¿®å¸ˆå‚…ä¸æƒ³è§åˆ°åƒäº†æ±‰å ¡çš„å°å¥³å­©ã€‚,900024,2,,,,
4411,Experiment Group,,8,,,short,0.72,ä¾¦æŽ¢æƒ³çŸ¥é“è°å¸Œæœ›é£žè¡Œå‘˜ç¾žè¾±äº†å¡è½¦å¸æœºã€‚,208031,3,å¸Œæœ›,arg,,
4411,Experiment Group,,31,,,long,0.19,å¿ƒç†å­¦å®¶æƒ³çŸ¥é“å¤§å­¦ç”Ÿæ€•ä¿å§†ä¸ºä»€ä¹ˆè®¨å¥½äº†ç†å‘å¸ˆã€‚,131062,4,æ€•,adj,,
4411,Experiment Group,,,,,,0.29,ä¹°äº†æ²¹æ¡ä¸ºä»€ä¹ˆçš„å°ç”·å­©åˆ˜åŠ©ç†å¸Œæœ›çŸ¥é“é©¬ç§˜ä¹¦çž§è§äº†,900001,5,,,,
4411,Experiment Group,,,,,,0.23,å–ç€è±†æµ†ä¸ºä»€ä¹ˆçš„è€çˆ·çˆ·å‘¨è€æ¿æƒ³å¼„æ˜Žç™½éƒ‘ç§‘é•¿è§åˆ°äº†,900004,6,,,,
4411,Experiment Group,,30,,,short,0.83,èˆžè¹ˆè€å¸ˆæƒ³çŸ¥é“è°è¯´æ˜Žæ­Œæ‰‹èµžç¾Žäº†å‰§ä½œå®¶ã€‚,230041,7,è¯´æ˜Ž,arg,,
4411,Experiment Group,,,,,,0.81,è¿åŠ¨å‘˜çš„å§å§å‘è€å¸ˆè¯·æ•™äº†ä¸€ä¸ªé—®é¢˜ã€‚,900026,8,,,,
4411,Experiment Group,,,,,,1,äº¤è­¦åœ¨é©¬è·¯è¾¹æé†’è¡Œäººè¦æ³¨æ„å®‰å…¨ã€‚,900029,9,,,,
4411,Experiment Group,,26,,,short,0.27,åˆ¶ç‰‡äººæƒ³çŸ¥é“å¥èº«æ•™ç»ƒä¸ºä»€ä¹ˆè§‰å¾—åŒ–å¦†å¸ˆç›‘è§†äº†è°ƒé…’å¸ˆã€‚,126021,10,è§‰å¾—,adj,,
4411,Experiment Group,,25,,,short,0.64,ç¾Žå®¹å¸ˆæƒ³çŸ¥é“æˆ¿ä¸œä¸ºä»€ä¹ˆå–œæ¬¢è¥å…»å¸ˆå“å”¬äº†å¿«é¤åº—å‘˜ã€‚,125071,11,å–œæ¬¢,adj,,
4411,Experiment Group,,,,,,0.22,ç«¯ç€å‡‰çš®ä¸ºä»€ä¹ˆçš„å°ä¼™å­å­™å¸‚é•¿å‘äººæ‰“å¬éŸ©æ‘é•¿çœ‹åˆ°äº†,900002,12,,,,
4411,Experiment Group,,23,,,short,0.79,å›­ä¸æƒ³çŸ¥é“è°è¯´ç„Šå·¥è®­æ–¥äº†æ¸…æ´å·¥ã€‚,223011,13,è¯´,arg,,
4411,Experiment Group,,17,,,long,0.89,ä¼šè®¡æƒ³çŸ¥é“æ¼”å‘˜è¯´æ˜Žç¼–è¾‘é‚€è¯·äº†è°ã€‚,217042,14,è¯´æ˜Ž,arg,,
4411,Experiment Group,,,,,,0.8,åŠ©ç†è‡ªå·±çš„ç¼ºç‚¹å‘æŒ‡å‡ºç»ç†ã€‚,900011,15,,,,
4411,Experiment Group,,,,,,0.82,æ‘é•¿ä¸æƒ³è§ä¹°äº†å¡è½¦çš„æ‘æ°‘ã€‚,900022,16,,,,
4411,Experiment Group,,20,,,long,0.12,å”®è´§å‘˜æƒ³çŸ¥é“ä½œæ›²å®¶æƒ³æ‘„å½±å¸ˆæŒ‡è´£äº†è°ã€‚,220052,17,æƒ³,arg,,
4411,Experiment Group,,27,,,short,0.19,æ³•åŒ»æƒ³çŸ¥é“ä¸šåŠ¡å‘˜ä¸ºä»€ä¹ˆè¯´ç½ªçŠ¯è°‹å®³äº†ç¨‹åºå‘˜ã€‚,127011,18,è¯´,adj,,
4411,Experiment Group,,,,,,0.73,ç©¿ç€å¤–å¥—çš„è€å¥¶å¥¶å´å¤„é•¿æƒ³çŸ¥é“èµµå…ˆç”Ÿè§åˆ°äº†ä¸ºä»€ä¹ˆ,900005,19,,,,
4411,Experiment Group,,22,,,long,0.25,é¡¾é—®æƒ³çŸ¥é“å¤–äº¤å®˜è§‰å¾—ç”Ÿç‰©å­¦å®¶ä¸ºä»€ä¹ˆå˜²è®½äº†å“²å­¦å®¶ã€‚,122022,20,è§‰å¾—,adj,,
4411,Experiment Group,,,,,,0.76,å†¯é˜¿å§¨çž§è§äº†èƒŒç€ä¹¦åŒ…çš„ä¸­å­¦ç”Ÿã€‚,900017,21,,,,
4411,Experiment Group,,13,,,long,0.16,æœåŠ¡å‘˜æƒ³çŸ¥é“å”®ç¥¨å‘˜å–œæ¬¢æ¼”è¯´å®¶ä¸ºä»€ä¹ˆæ¬ºéª—äº†å»ºç­‘å·¥äººã€‚,113072,22,å–œæ¬¢,adj,,
4411,Experiment Group,,,,,,0.83,æ‹Žç€è¢‹å­çš„å°å­¦ç”Ÿèµµå…ˆç”Ÿå‘äººæ‰“å¬è®¸åŽ‚é•¿è§åˆ°äº†ä¸ºä»€ä¹ˆ,900007,23,,,,
4411,Experiment Group,,15,,,long,0.85,ä¸»æŒäººæƒ³çŸ¥é“å­¦è€…è¯´æ”¿åºœå®˜å‘˜ä¸ºä»€ä¹ˆæ‰¹è¯„äº†æ€»ç»Ÿå€™é€‰äººã€‚,115012,24,è¯´,adj,,
4411,Experiment Group,,9,,,short,0.91,å°†å†›æƒ³çŸ¥é“è°è§‰å¾—å£«å…µè·Ÿè¸ªäº†æ€»ç»Ÿã€‚,209021,25,è§‰å¾—,arg,,
4411,Experiment Group,,,,,,0.87,æ•™å¯¼ä¸»ä»»é¼“åŠ±å­¦ç”Ÿä»¬è¿½æ±‚è‡ªå·±çš„æ¢¦æƒ³ã€‚,900030,26,,,,
4411,Experiment Group,,11,,,long,0.29,æ”¿å®¢æƒ³çŸ¥é“åŒ»ç”Ÿå¸Œæœ›æŠ¤å£«æŽ¨å€’äº†è°ã€‚,211032,27,å¸Œæœ›,arg,,
4411,Experiment Group,,,,,,0.91,æ ¡é•¿é‡åˆ°äº†æ‰›ç€ç®±å­çš„ç»´ä¿®å‘˜ã€‚,900018,28,,,,
4411,Experiment Group,,,,,,0.26,é¡¾é—®æ²¡æ³¨æ„åˆ°ç«¯ç€ç›˜å­çš„é˜¿å§¨ã€‚,900023,29,,,,
4411,Experiment Group,,,,,,0.66,éƒ¨é•¿æ²¡è§è¿‡åƒäº†åŒ…å­çš„å¤§å­¦ç”Ÿã€‚,900021,30,,,,
4411,Experiment Group,,12,,,short,0.2,åŒ…å·¥å¤´æƒ³çŸ¥é“è°æƒ³æ’­éŸ³å‘˜æ‰“ä¼¤äº†ç®—å‘½å…ˆç”Ÿã€‚,212051,31,æƒ³,arg,,
4411,Experiment Group,,28,,,short,0.83,ä¸žç›¸æƒ³çŸ¥é“è°çŒœå°†å†›å¨èƒäº†å¤§è‡£ã€‚,228091,32,çŒœ,arg,,
4411,Experiment Group,,,,,,0.86,èƒŒç€ä¹¦åŒ…çš„ä¸­å­¦ç”Ÿå†¯é˜¿å§¨æƒ³äº†è§£è’‹éƒ¨é•¿çž§è§äº†ä¸ºä»€ä¹ˆ,900008,33,,,,
4411,Experiment Group,,,,,,0.88,æ–‡è‰ºè¯„è®ºå®¶æ€€ç–‘ç¼–è¾‘å¯ä»¥å·æ‡’æ•™æŽˆã€‚,900015,34,,,,
4411,Experiment Group,,24,,,short,0.25,ä»“åº“ç®¡ç†å‘˜æƒ³çŸ¥é“é‡‡è´­å‘˜ä¸ºä»€ä¹ˆå¸Œæœ›ä¿é™©ä»£ç†äººæŒ–è‹¦äº†æ¨¡ç‰¹ã€‚,124031,35,å¸Œæœ›,adj,,
4411,Experiment Group,,,,,,0.79,é˜Ÿå‘˜ä»¬è‡ªå·±çš„ä¼˜åŠ¿å‘éšçž’å¯¹æ‰‹ã€‚,900012,36,,,,
4411,Experiment Group,,14,,,long,0.17,è‹±è¯­è€å¸ˆæƒ³çŸ¥é“å·¥ç¨‹å¸ˆè¯´æ˜Žä¸­å­¦ç”Ÿä¸ºä»€ä¹ˆä¸¾æŠ¥äº†åº—å‘˜ã€‚,114042,37,è¯´æ˜Ž,adj,,
4411,Experiment Group,,,,,,0.91,å­¦ç”Ÿè‡ªå·±çš„é—®é¢˜å‘æå‡ºè€å¸ˆã€‚,900010,38,,,,
4411,Experiment Group,,10,,,short,0.92,å¯¼æ¸¸æƒ³çŸ¥é“å¤–å›½äººä¸ºä»€ä¹ˆçŒœä¿å®‰è¢­å‡»äº†å•†è´©ã€‚,110091,39,çŒœ,adj,,
4411,Experiment Group,,2,,,short,0.72,æ³•å®˜æƒ³çŸ¥é“è°æ€•è­¦å¯Ÿå®¡é—®äº†å­¦ç”Ÿã€‚,202061,40,æ€•,arg,,
4411,Experiment Group,,,,,,0.19,åŸºé‡‘ç®¡ç†å‘˜æœŸå¾…é¡¾å®¢å¯ä»¥æˆåŠŸåŽ†å²å­¦å®¶ã€‚,900013,41,,,,
4411,Experiment Group,,29,,,long,0.33,ç¼–è¾‘æƒ³çŸ¥é“æ³•åŠ¡é¡¾é—®å–œæ¬¢æ‚æŠ€æ¼”å‘˜æŠšå…»äº†è°ã€‚,229072,42,å–œæ¬¢,arg,,
4411,Experiment Group,,,,,,0.74,æ•™æŽˆè®¤è¯†ä¿®äº†æ¡Œå­çš„å·¥äººã€‚,900020,43,,,,
4411,Experiment Group,,,,,,0.88,å¹¿å‘Šå•†é‚€è¯·å®¢æˆ·å‚åŠ åœ¨è¥¿é¤åŽ…ä¸¾åŠžçš„å®´ä¼šã€‚,900028,44,,,,
4411,Experiment Group,,32,,,long,0.18,åŠ©æ‰‹æƒ³çŸ¥é“å†›å®˜çŒœè€å¸ˆä¸ºä»€ä¹ˆå‡ºå–äº†æ°´æ‰‹ã€‚,132092,45,çŒœ,adj,,
4411,Experiment Group,,,,,,0.22,ä¿å§†æƒ³çŸ¥é“è€çˆ·çˆ·åˆé¥­åˆ°åº•åƒäº†äº›ä»€ä¹ˆã€‚,900032,46,,,,
4411,Experiment Group,,18,,,short,0.19,èˆ¹é•¿æƒ³çŸ¥é“å»ºç­‘å¸ˆä¸ºä»€ä¹ˆæ€•é£žè¡Œå‘˜è´£å¤‡äº†ç»æµŽå­¦å®¶ã€‚,118061,47,æ€•,adj,,
4411,Experiment Group,,,,,,0.83,æ‹¿ç€çƒ¤è‚ ä¸ºä»€ä¹ˆçš„å°å§‘å¨˜æŽç»ç†æƒ³è¦æ‰“å¬é™ˆæ ¡é•¿è§åˆ°äº†,900003,48,,,,
4411,Experiment Group,,5,,,long,0.19,å¸‚é•¿æƒ³çŸ¥é“è®®å‘˜æ€•è‰ºæœ¯å®¶è”ç³»äº†è°ã€‚,205062,49,æ€•,arg,,
4411,Experiment Group,,4,,,short,0.2,æ•™æŽˆæƒ³çŸ¥é“å·¥ç¨‹å¸ˆä¸ºä»€ä¹ˆè¯´æ˜Žç§˜ä¹¦æ‰¹è¯„äº†è¿åŠ¨å‘˜ã€‚,104041,50,è¯´æ˜Ž,adj,,
4411,Experiment Group,,,,,,0.81,éƒ¨é—¨ç»ç†çš„å¥½æœ‹å‹å‘çˆ¶æ¯å€¾è¯‰äº†è‡ªå·±çš„çƒ¦æ¼ã€‚,900025,51,,,,
4411,Experiment Group,,,,,,0.9,æ•°å­¦è€å¸ˆæŒ‡å¯¼ä¸­å­¦ç”Ÿä»¬å¦‚ä½•è§£å†³é—®é¢˜ã€‚,900031,52,,,,
4411,Experiment Group,,21,,,short,0.94,çœé•¿æƒ³çŸ¥é“è°å–œæ¬¢å°æŠ¥è®°è€…é‡‡è®¿äº†ç¨ŽåŠ¡å‘˜ã€‚,221071,53,å–œæ¬¢,arg,,
4411,Experiment Group,,,,,,0.25,æˆ´ç€çœ¼é•œçš„åšå£«ç”Ÿéƒ‘ç§‘é•¿æƒ³è¦æ‰“å¬è´¹å”å”çœ‹åˆ°äº†ä¸ºä»€ä¹ˆ,900006,54,,,,
4411,Experiment Group,,3,,,long,0.27,ç»ç†æƒ³çŸ¥é“åŽ¨å¸ˆçŒœæœåŠ¡å‘˜æŽ¥å¾…äº†è°ã€‚,203092,55,çŒœ,arg,,
4411,Experiment Group,,7,,,long,0.74,æ‘é•¿æƒ³çŸ¥é“å†œæ°‘è§‰å¾—ç”µå·¥æ— è§†äº†è°ã€‚,207022,56,è§‰å¾—,arg,,
4411,Experiment Group,,,,,,0.9,å›½å®¶é¢†å¯¼äººæ‰¹å‡†å¹²éƒ¨å¯ä»¥ç¦»èŒç¿»è¯‘å®˜ã€‚,900014,57,,,,
4411,Experiment Group,,19,,,long,0.17,ç»ç†æƒ³çŸ¥é“é“å£«æƒ³å’Œå°šä¸ºä»€ä¹ˆå¤¸å¥–äº†ä¹žä¸ã€‚,119052,58,æƒ³,adj,,
4411,Experiment Group,,,,,,0.94,é¢†å¯¼è‡ªå·±çš„çƒ¦æ¼å‘å€¾è¯‰æœ‹å‹ã€‚,900009,59,,,,
4411,Experiment Group,,,,,,0.23,å†œä¸šä¸“å®¶ç›¸ä¿¡å¤©æ–‡å­¦å®¶å¯ä»¥é€€ä¼‘ç‰©ç†å­¦å®¶ã€‚,900016,60,,,,
4411,Experiment Group,,,,,,0.95,é­è€å¸ˆçœ‹åˆ°äº†çœ‹äº†æŠ¥å‘Šçš„ç ”ç©¶ç”Ÿã€‚,900019,61,,,,
4411,Experiment Group,,6,,,short,0.22,æ£€å¯Ÿå®˜æƒ³çŸ¥é“æ•™ç»ƒå‘˜ä¸ºä»€ä¹ˆæƒ³éŸ³ä¹å®¶å¼€é™¤äº†ä¿é•–ã€‚,106051,62,æƒ³,adj,,
4411,Experiment Group,,,,,,0.93,å¤–ç§‘åŒ»ç”Ÿé¼“åŠ±ç—…äººå¤šé”»ç‚¼èº«ä½“ã€‚,900027,63,,,,
4411,Experiment Group,,1,,,long,0.65,è€å¸ˆæƒ³çŸ¥é“å­¦ç”Ÿè¯´ä¿®ç†å·¥æ‰“äº†è°ã€‚,201012,64,è¯´,arg,,
4410,Experiment Group,,,practice_good,practice_good,,1,,,0,,,0,
4410,Experiment Group,,,practice_bad,practice_bad,,0,,,0,,,0,
4410,Experiment Group,,8,,,short,0,ä¾¦æŽ¢æƒ³çŸ¥é“è°çŒœé£žè¡Œå‘˜ç¾žè¾±äº†å¡è½¦å¸æœºã€‚,208091,1,çŒœ,arg,,
4410,Experiment Group,,16,,,long,0.31,å¤§å­¦ç”Ÿæƒ³çŸ¥é“è®°è€…å¸Œæœ›éŸ³ä¹è€å¸ˆå¤¸èµžäº†è°ã€‚,216032,2,å¸Œæœ›,arg,,
4410,Experiment Group,,,,,,1,æ ¡é•¿é‡åˆ°äº†æ‰›ç€ç®±å­çš„ç»´ä¿®å‘˜ã€‚,900018,3,,,,
4410,Experiment Group,,18,,,long,0,èˆ¹é•¿æƒ³çŸ¥é“å»ºç­‘å¸ˆå–œæ¬¢é£žè¡Œå‘˜ä¸ºä»€ä¹ˆè´£å¤‡äº†ç»æµŽå­¦å®¶ã€‚,118072,4,å–œæ¬¢,adj,,
4410,Experiment Group,,25,,,long,0,ç¾Žå®¹å¸ˆæƒ³çŸ¥é“æˆ¿ä¸œè¯´æ˜Žè¥å…»å¸ˆä¸ºä»€ä¹ˆå“å”¬äº†å¿«é¤åº—å‘˜ã€‚,125042,5,è¯´æ˜Ž,adj,,
4410,Experiment Group,,,,,,0.58,ç©¿ç€å¤–å¥—çš„è€å¥¶å¥¶å´å¤„é•¿æƒ³çŸ¥é“èµµå…ˆç”Ÿè§åˆ°äº†ä¸ºä»€ä¹ˆ,900005,6,,,,
4410,Experiment Group,,26,,,long,0.22,åˆ¶ç‰‡äººæƒ³çŸ¥é“å¥èº«æ•™ç»ƒè¯´æ˜ŽåŒ–å¦†å¸ˆç›‘è§†äº†è°ã€‚,226042,7,è¯´æ˜Ž,arg,,
4410,Experiment Group,,13,,,short,0.53,æœåŠ¡å‘˜æƒ³çŸ¥é“è°è¯´æ˜Žæ¼”è¯´å®¶æ¬ºéª—äº†å»ºç­‘å·¥äººã€‚,213041,8,è¯´æ˜Ž,arg,,
4410,Experiment Group,,,,,,1,ä¿å§†æƒ³çŸ¥é“è€çˆ·çˆ·åˆé¥­åˆ°åº•åƒäº†äº›ä»€ä¹ˆã€‚,900032,9,,,,
4410,Experiment Group,,,,,,1,æ•°å­¦è€å¸ˆæŒ‡å¯¼ä¸­å­¦ç”Ÿä»¬å¦‚ä½•è§£å†³é—®é¢˜ã€‚,900031,10,,,,
4410,Experiment Group,,,,,,1,æ‘é•¿ä¸æƒ³è§ä¹°äº†å¡è½¦çš„æ‘æ°‘ã€‚,900022,11,,,,
4410,Experiment Group,,10,,,long,0.19,å¯¼æ¸¸æƒ³çŸ¥é“å¤–å›½äººæƒ³ä¿å®‰ä¸ºä»€ä¹ˆè¢­å‡»äº†å•†è´©ã€‚,110052,12,æƒ³,adj,,
4410,Experiment Group,,15,,,short,0.68,ä¸»æŒäººæƒ³çŸ¥é“å­¦è€…ä¸ºä»€ä¹ˆå¸Œæœ›æ”¿åºœå®˜å‘˜æ‰¹è¯„äº†æ€»ç»Ÿå€™é€‰äººã€‚,115031,13,å¸Œæœ›,adj,,
4410,Experiment Group,,,,,,1,è¿åŠ¨å‘˜çš„å§å§å‘è€å¸ˆè¯·æ•™äº†ä¸€ä¸ªé—®é¢˜ã€‚,900026,14,,,,
4410,Experiment Group,,,,,,0.9,é¢†å¯¼è‡ªå·±çš„çƒ¦æ¼å‘å€¾è¯‰æœ‹å‹ã€‚,900009,15,,,,
4410,Experiment Group,,,,,,0.76,æ–‡è‰ºè¯„è®ºå®¶æ€€ç–‘ç¼–è¾‘å¯ä»¥å·æ‡’æ•™æŽˆã€‚,900015,16,,,,
4410,Experiment Group,,,,,,1,åŸºé‡‘ç®¡ç†å‘˜æœŸå¾…é¡¾å®¢å¯ä»¥æˆåŠŸåŽ†å²å­¦å®¶ã€‚,900013,17,,,,
4410,Experiment Group,,5,,,short,0,å¸‚é•¿æƒ³çŸ¥é“è°å–œæ¬¢è‰ºæœ¯å®¶è”ç³»äº†æ¯’æž­ã€‚,205071,18,å–œæ¬¢,arg,,
4410,Experiment Group,,27,,,long,0.22,æ³•åŒ»æƒ³çŸ¥é“ä¸šåŠ¡å‘˜å–œæ¬¢ç½ªçŠ¯è°‹å®³äº†è°ã€‚,227072,19,å–œæ¬¢,arg,,
4410,Experiment Group,,,,,,1,éƒ¨é•¿æ²¡è§è¿‡åƒäº†åŒ…å­çš„å¤§å­¦ç”Ÿã€‚,900021,20,,,,
4410,Experiment Group,,31,,,short,0.45,å¿ƒç†å­¦å®¶æƒ³çŸ¥é“å¤§å­¦ç”Ÿä¸ºä»€ä¹ˆå–œæ¬¢ä¿å§†è®¨å¥½äº†ç†å‘å¸ˆã€‚,131071,21,å–œæ¬¢,adj,,
4410,Experiment Group,,30,,,long,0.46,èˆžè¹ˆè€å¸ˆæƒ³çŸ¥é“å®žä¹ ç”ŸçŒœæ­Œæ‰‹èµžç¾Žäº†è°ã€‚,230092,22,çŒœ,arg,,
4410,Experiment Group,,,,,,0,å–ç€è±†æµ†ä¸ºä»€ä¹ˆçš„è€çˆ·çˆ·å‘¨è€æ¿æƒ³å¼„æ˜Žç™½éƒ‘ç§‘é•¿è§åˆ°äº†,900004,23,,,,
4410,Experiment Group,,12,,,long,0.99,åŒ…å·¥å¤´æƒ³çŸ¥é“å’Œå°šå¸Œæœ›æ’­éŸ³å‘˜ä¸ºä»€ä¹ˆæ‰“ä¼¤äº†ç®—å‘½å…ˆç”Ÿã€‚,112032,24,å¸Œæœ›,adj,,
4410,Experiment Group,,,,,,0,æ‹¿ç€çƒ¤è‚ ä¸ºä»€ä¹ˆçš„å°å§‘å¨˜æŽç»ç†æƒ³è¦æ‰“å¬é™ˆæ ¡é•¿è§åˆ°äº†,900003,25,,,,
4410,Experiment Group,,,,,,1,äº¤è­¦åœ¨é©¬è·¯è¾¹æé†’è¡Œäººè¦æ³¨æ„å®‰å…¨ã€‚,900029,26,,,,
4410,Experiment Group,,4,,,short,0.14,æ•™æŽˆæƒ³çŸ¥é“è°æƒ³ç§˜ä¹¦æ‰¹è¯„äº†è¿åŠ¨å‘˜ã€‚,204051,27,æƒ³,arg,,
4410,Experiment Group,,3,,,long,1,ç»ç†æƒ³çŸ¥é“åŽ¨å¸ˆæ€•æœåŠ¡å‘˜æŽ¥å¾…äº†è°ã€‚,203062,28,æ€•,arg,,
4410,Experiment Group,,,,,,1,éƒ¨é—¨ç»ç†çš„å¥½æœ‹å‹å‘çˆ¶æ¯å€¾è¯‰äº†è‡ªå·±çš„çƒ¦æ¼ã€‚,900025,29,,,,
4410,Experiment Group,,11,,,short,1,æ”¿å®¢æƒ³çŸ¥é“è°è§‰å¾—æŠ¤å£«æŽ¨å€’äº†ç”·å­©ã€‚,211021,30,è§‰å¾—,arg,,
4410,Experiment Group,,21,,,short,0.88,çœé•¿æƒ³çŸ¥é“è°å¸Œæœ›å°æŠ¥è®°è€…é‡‡è®¿äº†ç¨ŽåŠ¡å‘˜ã€‚,221031,31,å¸Œæœ›,arg,,
4410,Experiment Group,,,,,,1,å†¯é˜¿å§¨çž§è§äº†èƒŒç€ä¹¦åŒ…çš„ä¸­å­¦ç”Ÿã€‚,900017,32,,,,
4410,Experiment Group,,19,,,short,0.25,ç»ç†æƒ³çŸ¥é“è°æ€•å’Œå°šå¤¸å¥–äº†ä¹žä¸ã€‚,219061,33,æ€•,arg,,
4410,Experiment Group,,,,,,0.58,åŠ©ç†è‡ªå·±çš„ç¼ºç‚¹å‘æŒ‡å‡ºç»ç†ã€‚,900011,34,,,,
4410,Experiment Group,,7,,,long,0,æ‘é•¿æƒ³çŸ¥é“å†œæ°‘çŒœç”µå·¥ä¸ºä»€ä¹ˆæ— è§†äº†é¢†å¯¼ã€‚,107092,35,çŒœ,adj,,
4410,Experiment Group,,24,,,long,0.21,ä»“åº“ç®¡ç†å‘˜æƒ³çŸ¥é“é‡‡è´­å‘˜è¯´ä¿é™©ä»£ç†äººæŒ–è‹¦äº†è°ã€‚,224012,36,è¯´,arg,,
4410,Experiment Group,,,,,,0,ä¹°äº†æ²¹æ¡ä¸ºä»€ä¹ˆçš„å°ç”·å­©åˆ˜åŠ©ç†å¸Œæœ›çŸ¥é“é©¬ç§˜ä¹¦çž§è§äº†,900001,37,,,,
4410,Experiment Group,,,,,,1,å¹¿å‘Šå•†é‚€è¯·å®¢æˆ·å‚åŠ åœ¨è¥¿é¤åŽ…ä¸¾åŠžçš„å®´ä¼šã€‚,900028,38,,,,
4410,Experiment Group,,,,,,1,å›½å®¶é¢†å¯¼äººæ‰¹å‡†å¹²éƒ¨å¯ä»¥ç¦»èŒç¿»è¯‘å®˜ã€‚,900014,39,,,,
4410,Experiment Group,,22,,,short,1,é¡¾é—®æƒ³çŸ¥é“å¤–äº¤å®˜ä¸ºä»€ä¹ˆè¯´ç”Ÿç‰©å­¦å®¶å˜²è®½äº†å“²å­¦å®¶ã€‚,122011,40,è¯´,adj,,
4410,Experiment Group,,,,,,0,èƒŒç€ä¹¦åŒ…çš„ä¸­å­¦ç”Ÿå†¯é˜¿å§¨æƒ³äº†è§£è’‹éƒ¨é•¿çž§è§äº†ä¸ºä»€ä¹ˆ,900008,41,,,,
4410,Experiment Group,,32,,,long,0.23,åŠ©æ‰‹æƒ³çŸ¥é“å†›å®˜æ€•è€å¸ˆä¸ºä»€ä¹ˆå‡ºå–äº†æ°´æ‰‹ã€‚,132062,42,æ€•,adj,,
4410,Experiment Group,,6,,,short,1,æ£€å¯Ÿå®˜æƒ³çŸ¥é“æ•™ç»ƒå‘˜ä¸ºä»€ä¹ˆæ€•éŸ³ä¹å®¶å¼€é™¤äº†ä¿é•–ã€‚,106061,43,æ€•,adj,,
4410,Experiment Group,,,,,,1,æˆ´ç€çœ¼é•œçš„åšå£«ç”Ÿéƒ‘ç§‘é•¿æƒ³è¦æ‰“å¬è´¹å”å”çœ‹åˆ°äº†ä¸ºä»€ä¹ˆ,900006,44,,,,
4410,Experiment Group,,,,,,1,å¤–ç§‘åŒ»ç”Ÿé¼“åŠ±ç—…äººå¤šé”»ç‚¼èº«ä½“ã€‚,900027,45,,,,
4410,Experiment Group,,,,,,1,æ•™å¯¼ä¸»ä»»é¼“åŠ±å­¦ç”Ÿä»¬è¿½æ±‚è‡ªå·±çš„æ¢¦æƒ³ã€‚,900030,46,,,,
4410,Experiment Group,,,,,,0.7,é˜Ÿå‘˜ä»¬è‡ªå·±çš„ä¼˜åŠ¿å‘éšçž’å¯¹æ‰‹ã€‚,900012,47,,,,
4410,Experiment Group,,28,,,short,1,ä¸žç›¸æƒ³çŸ¥é“çš‡ä¸Šä¸ºä»€ä¹ˆè¯´æ˜Žå°†å†›å¨èƒäº†å¤§è‡£ã€‚,128041,48,è¯´æ˜Ž,adj,,
4410,Experiment Group,,29,,,short,1,ç¼–è¾‘æƒ³çŸ¥é“è°è¯´æ‚æŠ€æ¼”å‘˜æŠšå…»äº†å°å¥³å­©ã€‚,229011,49,è¯´,arg,,
4410,Experiment Group,,,,,,0.22,å†œä¸šä¸“å®¶ç›¸ä¿¡å¤©æ–‡å­¦å®¶å¯ä»¥é€€ä¼‘ç‰©ç†å­¦å®¶ã€‚,900016,50,,,,
4410,Experiment Group,,17,,,long,0.02,ä¼šè®¡æƒ³çŸ¥é“æ¼”å‘˜è¯´ç¼–è¾‘ä¸ºä»€ä¹ˆé‚€è¯·äº†ç¥žçˆ¶ã€‚,117012,51,è¯´,adj,,
4410,Experiment Group,,,,,,0.57,å­¦ç”Ÿè‡ªå·±çš„é—®é¢˜å‘æå‡ºè€å¸ˆã€‚,900010,52,,,,
4410,Experiment Group,,1,,,long,0,è€å¸ˆæƒ³çŸ¥é“å­¦ç”Ÿè§‰å¾—ä¿®ç†å·¥ä¸ºä»€ä¹ˆæ‰“äº†å¿«é€’å‘˜ã€‚,101022,53,è§‰å¾—,adj,,
4410,Experiment Group,,,,,,1,æ•™æŽˆè®¤è¯†ä¿®äº†æ¡Œå­çš„å·¥äººã€‚,900020,54,,,,
4410,Experiment Group,,9,,,short,1,å°†å†›æƒ³çŸ¥é“é—´è°ä¸ºä»€ä¹ˆè§‰å¾—å£«å…µè·Ÿè¸ªäº†æ€»ç»Ÿã€‚,109021,55,è§‰å¾—,adj,,
4410,Experiment Group,,,,,,1,è£…ä¿®å¸ˆå‚…ä¸æƒ³è§åˆ°åƒäº†æ±‰å ¡çš„å°å¥³å­©ã€‚,900024,56,,,,
4410,Experiment Group,,20,,,short,1,å”®è´§å‘˜æƒ³çŸ¥é“ä½œæ›²å®¶ä¸ºä»€ä¹ˆæƒ³æ‘„å½±å¸ˆæŒ‡è´£äº†å¿ƒç†åŒ»ç”Ÿã€‚,120051,57,æƒ³,adj,,
4410,Experiment Group,,14,,,long,0.65,è‹±è¯­è€å¸ˆæƒ³çŸ¥é“å·¥ç¨‹å¸ˆè§‰å¾—ä¸­å­¦ç”Ÿä¸¾æŠ¥äº†è°ã€‚,214022,58,è§‰å¾—,arg,,
4410,Experiment Group,,,,,,0,ç«¯ç€å‡‰çš®ä¸ºä»€ä¹ˆçš„å°ä¼™å­å­™å¸‚é•¿å‘äººæ‰“å¬éŸ©æ‘é•¿çœ‹åˆ°äº†,900002,59,,,,
4410,Experiment Group,,2,,,short,1,æ³•å®˜æƒ³çŸ¥é“å¾‹å¸ˆä¸ºä»€ä¹ˆçŒœè­¦å¯Ÿå®¡é—®äº†å­¦ç”Ÿã€‚,102091,60,çŒœ,adj,,
4410,Experiment Group,,,,,,0.23,æ‹Žç€è¢‹å­çš„å°å­¦ç”Ÿèµµå…ˆç”Ÿå‘äººæ‰“å¬è®¸åŽ‚é•¿è§åˆ°äº†ä¸ºä»€ä¹ˆ,900007,61,,,,
4410,Experiment Group,,23,,,long,0.2,å›­ä¸æƒ³çŸ¥é“æ°´ç®¡å·¥æƒ³ç„Šå·¥è®­æ–¥äº†è°ã€‚,223052,62,æƒ³,arg,,
4410,Experiment Group,,,,,,1,é­è€å¸ˆçœ‹åˆ°äº†çœ‹äº†æŠ¥å‘Šçš„ç ”ç©¶ç”Ÿã€‚,900019,63,,,,
4410,Experiment Group,,,,,,1,é¡¾é—®æ²¡æ³¨æ„åˆ°ç«¯ç€ç›˜å­çš„é˜¿å§¨ã€‚,900023,64,,,,
4406,Experiment Group,,,practice_good,practice_good,,1,,,0,,,0,
4406,Experiment Group,,,practice_bad,practice_bad,,0,,,0,,,0,
4406,Experiment Group,,18,,,short,0.51,èˆ¹é•¿æƒ³çŸ¥é“å»ºç­‘å¸ˆä¸ºä»€ä¹ˆè¯´é£žè¡Œå‘˜è´£å¤‡äº†ç»æµŽå­¦å®¶ã€‚,118011,1,è¯´,adj,,
4406,Experiment Group,,26,,,long,0.13,åˆ¶ç‰‡äººæƒ³çŸ¥é“å¥èº«æ•™ç»ƒè¯´æ˜ŽåŒ–å¦†å¸ˆä¸ºä»€ä¹ˆç›‘è§†äº†è°ƒé…’å¸ˆã€‚,126042,2,è¯´æ˜Ž,adj,,
4406,Experiment Group,,,,,,1,æ ¡é•¿é‡åˆ°äº†æ‰›ç€ç®±å­çš„ç»´ä¿®å‘˜ã€‚,900018,3,,,,
4406,Experiment Group,,27,,,short,0.25,æ³•åŒ»æƒ³çŸ¥é“è°è§‰å¾—ç½ªçŠ¯è°‹å®³äº†ç¨‹åºå‘˜ã€‚,227021,4,è§‰å¾—,arg,,
4406,Experiment Group,,10,,,short,0.1,å¯¼æ¸¸æƒ³çŸ¥é“è°å¸Œæœ›ä¿å®‰è¢­å‡»äº†å•†è´©ã€‚,210031,5,å¸Œæœ›,arg,,
4406,Experiment Group,,,,,,0.76,é­è€å¸ˆçœ‹åˆ°äº†çœ‹äº†æŠ¥å‘Šçš„ç ”ç©¶ç”Ÿã€‚,900019,6,,,,
4406,Experiment Group,,,,,,0,å–ç€è±†æµ†ä¸ºä»€ä¹ˆçš„è€çˆ·çˆ·å‘¨è€æ¿æƒ³å¼„æ˜Žç™½éƒ‘ç§‘é•¿è§åˆ°äº†,900004,7,,,,
4406,Experiment Group,,5,,,long,0.85,å¸‚é•¿æƒ³çŸ¥é“è®®å‘˜å¸Œæœ›è‰ºæœ¯å®¶è”ç³»äº†è°ã€‚,205032,8,å¸Œæœ›,arg,,
4406,Experiment Group,,,,,,0.78,éƒ¨é•¿æ²¡è§è¿‡åƒäº†åŒ…å­çš„å¤§å­¦ç”Ÿã€‚,900021,9,,,,
4406,Experiment Group,,,,,,0,æ–‡è‰ºè¯„è®ºå®¶æ€€ç–‘ç¼–è¾‘å¯ä»¥å·æ‡’æ•™æŽˆã€‚,900015,10,,,,
4406,Experiment Group,,,,,,0,æ‹Žç€è¢‹å­çš„å°å­¦ç”Ÿèµµå…ˆç”Ÿå‘äººæ‰“å¬è®¸åŽ‚é•¿è§åˆ°äº†ä¸ºä»€ä¹ˆ,900007,11,,,,
4406,Experiment Group,,,,,,0,é¢†å¯¼è‡ªå·±çš„çƒ¦æ¼å‘å€¾è¯‰æœ‹å‹ã€‚,900009,12,,,,
4406,Experiment Group,,24,,,long,0,ä»“åº“ç®¡ç†å‘˜æƒ³çŸ¥é“é‡‡è´­å‘˜æ€•ä¿é™©ä»£ç†äººä¸ºä»€ä¹ˆæŒ–è‹¦äº†æ¨¡ç‰¹ã€‚,124062,13,æ€•,adj,,
4406,Experiment Group,,,,,,1,äº¤è­¦åœ¨é©¬è·¯è¾¹æé†’è¡Œäººè¦æ³¨æ„å®‰å…¨ã€‚,900029,14,,,,
4406,Experiment Group,,3,,,short,0.69,ç»ç†æƒ³çŸ¥é“åŽ¨å¸ˆä¸ºä»€ä¹ˆçŒœæœåŠ¡å‘˜æŽ¥å¾…äº†ä¹žä¸ã€‚,103091,15,çŒœ,adj,,
4406,Experiment Group,,,,,,1,å†¯é˜¿å§¨çž§è§äº†èƒŒç€ä¹¦åŒ…çš„ä¸­å­¦ç”Ÿã€‚,900017,16,,,,
4406,Experiment Group,,32,,,long,0.05,åŠ©æ‰‹æƒ³çŸ¥é“å†›å®˜å¸Œæœ›è€å¸ˆä¸ºä»€ä¹ˆå‡ºå–äº†æ°´æ‰‹ã€‚,132032,17,å¸Œæœ›,adj,,
4406,Experiment Group,,28,,,short,0.75,ä¸žç›¸æƒ³çŸ¥é“è°æ€•å°†å†›å¨èƒäº†å¤§è‡£ã€‚,228061,18,æ€•,arg,,
4406,Experiment Group,,,,,,0,é˜Ÿå‘˜ä»¬è‡ªå·±çš„ä¼˜åŠ¿å‘éšçž’å¯¹æ‰‹ã€‚,900012,19,,,,
4406,Experiment Group,,7,,,long,0,æ‘é•¿æƒ³çŸ¥é“å†œæ°‘æƒ³ç”µå·¥æ— è§†äº†è°ã€‚,207052,20,æƒ³,arg,,
4406,Experiment Group,,11,,,short,0,æ”¿å®¢æƒ³çŸ¥é“è°æƒ³æŠ¤å£«æŽ¨å€’äº†ç”·å­©ã€‚,211051,21,æƒ³,arg,,
4406,Experiment Group,,,,,,0.95,æ‘é•¿ä¸æƒ³è§ä¹°äº†å¡è½¦çš„æ‘æ°‘ã€‚,900022,22,,,,
4406,Experiment Group,,13,,,short,0.5,æœåŠ¡å‘˜æƒ³çŸ¥é“å”®ç¥¨å‘˜ä¸ºä»€ä¹ˆæ€•æ¼”è¯´å®¶æ¬ºéª—äº†å»ºç­‘å·¥äººã€‚,113061,23,æ€•,adj,,
4406,Experiment Group,,29,,,long,0.4,ç¼–è¾‘æƒ³çŸ¥é“æ³•åŠ¡é¡¾é—®è§‰å¾—æ‚æŠ€æ¼”å‘˜ä¸ºä»€ä¹ˆæŠšå…»äº†å°å¥³å­©ã€‚,129022,24,è§‰å¾—,adj,,
4406,Experiment Group,,,,,,0.84,æ•°å­¦è€å¸ˆæŒ‡å¯¼ä¸­å­¦ç”Ÿä»¬å¦‚ä½•è§£å†³é—®é¢˜ã€‚,900031,25,,,,
4406,Experiment Group,,19,,,long,0.01,ç»ç†æƒ³çŸ¥é“é“å£«è¯´æ˜Žå’Œå°šå¤¸å¥–äº†è°ã€‚,219042,26,è¯´æ˜Ž,arg,,
4406,Experiment Group,,,,,,0,å›½å®¶é¢†å¯¼äººæ‰¹å‡†å¹²éƒ¨å¯ä»¥ç¦»èŒç¿»è¯‘å®˜ã€‚,900014,27,,,,
4406,Experiment Group,,30,,,long,0.1,èˆžè¹ˆè€å¸ˆæƒ³çŸ¥é“å®žä¹ ç”ŸçŒœæ­Œæ‰‹èµžç¾Žäº†è°ã€‚,230092,28,çŒœ,arg,,
4406,Experiment Group,,6,,,long,0,æ£€å¯Ÿå®˜æƒ³çŸ¥é“æ•™ç»ƒå‘˜è¯´éŸ³ä¹å®¶å¼€é™¤äº†è°ã€‚,206012,29,è¯´,arg,,
4406,Experiment Group,,,,,,0,åŠ©ç†è‡ªå·±çš„ç¼ºç‚¹å‘æŒ‡å‡ºç»ç†ã€‚,900011,30,,,,
4406,Experiment Group,,9,,,long,0.84,å°†å†›æƒ³çŸ¥é“é—´è°æ€•å£«å…µè·Ÿè¸ªäº†è°ã€‚,209062,31,æ€•,arg,,
4406,Experiment Group,,14,,,short,0.82,è‹±è¯­è€å¸ˆæƒ³çŸ¥é“å·¥ç¨‹å¸ˆä¸ºä»€ä¹ˆè§‰å¾—ä¸­å­¦ç”Ÿä¸¾æŠ¥äº†åº—å‘˜ã€‚,114021,32,è§‰å¾—,adj,,
4406,Experiment Group,,,,,,0,ç«¯ç€å‡‰çš®ä¸ºä»€ä¹ˆçš„å°ä¼™å­å­™å¸‚é•¿å‘äººæ‰“å¬éŸ©æ‘é•¿çœ‹åˆ°äº†,900002,33,,,,
4406,Experiment Group,,22,,,long,0,é¡¾é—®æƒ³çŸ¥é“å¤–äº¤å®˜æƒ³ç”Ÿç‰©å­¦å®¶ä¸ºä»€ä¹ˆå˜²è®½äº†å“²å­¦å®¶ã€‚,122052,34,æƒ³,adj,,
4406,Experiment Group,,,,,,0,å†œä¸šä¸“å®¶ç›¸ä¿¡å¤©æ–‡å­¦å®¶å¯ä»¥é€€ä¼‘ç‰©ç†å­¦å®¶ã€‚,900016,35,,,,
4406,Experiment Group,,,,,,1,å¹¿å‘Šå•†é‚€è¯·å®¢æˆ·å‚åŠ åœ¨è¥¿é¤åŽ…ä¸¾åŠžçš„å®´ä¼šã€‚,900028,36,,,,
4406,Experiment Group,,1,,,short,0,è€å¸ˆæƒ³çŸ¥é“å­¦ç”Ÿä¸ºä»€ä¹ˆæƒ³ä¿®ç†å·¥æ‰“äº†å¿«é€’å‘˜ã€‚,101051,37,æƒ³,adj,,
4406,Experiment Group,,20,,,long,0,å”®è´§å‘˜æƒ³çŸ¥é“ä½œæ›²å®¶è¯´æ‘„å½±å¸ˆä¸ºä»€ä¹ˆæŒ‡è´£äº†å¿ƒç†åŒ»ç”Ÿã€‚,120012,38,è¯´,adj,,
4406,Experiment Group,,,,,,0.87,éƒ¨é—¨ç»ç†çš„å¥½æœ‹å‹å‘çˆ¶æ¯å€¾è¯‰äº†è‡ªå·±çš„çƒ¦æ¼ã€‚,900025,39,,,,
4406,Experiment Group,,8,,,short,0.7,ä¾¦æŽ¢æƒ³çŸ¥é“è°çŒœé£žè¡Œå‘˜ç¾žè¾±äº†å¡è½¦å¸æœºã€‚,208091,40,çŒœ,arg,,
4406,Experiment Group,,,,,,0,èƒŒç€ä¹¦åŒ…çš„ä¸­å­¦ç”Ÿå†¯é˜¿å§¨æƒ³äº†è§£è’‹éƒ¨é•¿çž§è§äº†ä¸ºä»€ä¹ˆ,900008,41,,,,
4406,Experiment Group,,,,,,0,åŸºé‡‘ç®¡ç†å‘˜æœŸå¾…é¡¾å®¢å¯ä»¥æˆåŠŸåŽ†å²å­¦å®¶ã€‚,900013,42,,,,
4406,Experiment Group,,31,,,short,0,å¿ƒç†å­¦å®¶æƒ³çŸ¥é“å¤§å­¦ç”Ÿä¸ºä»€ä¹ˆè¯´æ˜Žä¿å§†è®¨å¥½äº†ç†å‘å¸ˆã€‚,131041,43,è¯´æ˜Ž,adj,,
4406,Experiment Group,,,,,,0,æ‹¿ç€çƒ¤è‚ ä¸ºä»€ä¹ˆçš„å°å§‘å¨˜æŽç»ç†æƒ³è¦æ‰“å¬é™ˆæ ¡é•¿è§åˆ°äº†,900003,44,,,,
4406,Experiment Group,,,,,,0,å­¦ç”Ÿè‡ªå·±çš„é—®é¢˜å‘æå‡ºè€å¸ˆã€‚,900010,45,,,,
4406,Experiment Group,,4,,,long,0,æ•™æŽˆæƒ³çŸ¥é“å·¥ç¨‹å¸ˆå–œæ¬¢ç§˜ä¹¦æ‰¹è¯„äº†è°ã€‚,204072,46,å–œæ¬¢,arg,,
4406,Experiment Group,,,,,,1,å¤–ç§‘åŒ»ç”Ÿé¼“åŠ±ç—…äººå¤šé”»ç‚¼èº«ä½“ã€‚,900027,47,,,,
4406,Experiment Group,,12,,,long,0,åŒ…å·¥å¤´æƒ³çŸ¥é“å’Œå°šçŒœæ’­éŸ³å‘˜ä¸ºä»€ä¹ˆæ‰“ä¼¤äº†ç®—å‘½å…ˆç”Ÿã€‚,112092,48,çŒœ,adj,,
4406,Experiment Group,,2,,,short,0,æ³•å®˜æƒ³çŸ¥é“å¾‹å¸ˆä¸ºä»€ä¹ˆå–œæ¬¢è­¦å¯Ÿå®¡é—®äº†å­¦ç”Ÿã€‚,102071,49,å–œæ¬¢,adj,,
4406,Experiment Group,,,,,,1,ä¿å§†æƒ³çŸ¥é“è€çˆ·çˆ·åˆé¥­åˆ°åº•åƒäº†äº›ä»€ä¹ˆã€‚,900032,50,,,,
4406,Experiment Group,,,,,,1,è¿åŠ¨å‘˜çš„å§å§å‘è€å¸ˆè¯·æ•™äº†ä¸€ä¸ªé—®é¢˜ã€‚,900026,51,,,,
4406,Experiment Group,,,,,,0,ä¹°äº†æ²¹æ¡ä¸ºä»€ä¹ˆçš„å°ç”·å­©åˆ˜åŠ©ç†å¸Œæœ›çŸ¥é“é©¬ç§˜ä¹¦çž§è§äº†,900001,52,,,,
4406,Experiment Group,,,,,,1,é¡¾é—®æ²¡æ³¨æ„åˆ°ç«¯ç€ç›˜å­çš„é˜¿å§¨ã€‚,900023,53,,,,
4406,Experiment Group,,23,,,long,0.79,å›­ä¸æƒ³çŸ¥é“æ°´ç®¡å·¥è§‰å¾—ç„Šå·¥è®­æ–¥äº†è°ã€‚,223022,54,è§‰å¾—,arg,,
4406,Experiment Group,,,,,,0,ç©¿ç€å¤–å¥—çš„è€å¥¶å¥¶å´å¤„é•¿æƒ³çŸ¥é“èµµå…ˆç”Ÿè§åˆ°äº†ä¸ºä»€ä¹ˆ,900005,55,,,,
4406,Experiment Group,,,,,,0.64,æ•™æŽˆè®¤è¯†ä¿®äº†æ¡Œå­çš„å·¥äººã€‚,900020,56,,,,
4406,Experiment Group,,21,,,short,0.79,çœé•¿æƒ³çŸ¥é“è°è¯´å°æŠ¥è®°è€…é‡‡è®¿äº†ç¨ŽåŠ¡å‘˜ã€‚,221011,57,è¯´,arg,,
4406,Experiment Group,,25,,,short,0,ç¾Žå®¹å¸ˆæƒ³çŸ¥é“è°å–œæ¬¢è¥å…»å¸ˆå“å”¬äº†å¿«é¤åº—å‘˜ã€‚,225071,58,å–œæ¬¢,arg,,
4406,Experiment Group,,,,,,0.86,è£…ä¿®å¸ˆå‚…ä¸æƒ³è§åˆ°åƒäº†æ±‰å ¡çš„å°å¥³å­©ã€‚,900024,59,,,,
4406,Experiment Group,,17,,,short,0.71,ä¼šè®¡æƒ³çŸ¥é“æ¼”å‘˜ä¸ºä»€ä¹ˆå¸Œæœ›ç¼–è¾‘é‚€è¯·äº†ç¥žçˆ¶ã€‚,117031,60,å¸Œæœ›,adj,,
4406,Experiment Group,,,,,,0,æˆ´ç€çœ¼é•œçš„åšå£«ç”Ÿéƒ‘ç§‘é•¿æƒ³è¦æ‰“å¬è´¹å”å”çœ‹åˆ°äº†ä¸ºä»€ä¹ˆ,900006,61,,,,
4406,Experiment Group,,15,,,short,0,ä¸»æŒäººæƒ³çŸ¥é“è°è¯´æ˜Žæ”¿åºœå®˜å‘˜æ‰¹è¯„äº†æ€»ç»Ÿå€™é€‰äººã€‚,215041,62,è¯´æ˜Ž,arg,,
4406,Experiment Group,,,,,,1,æ•™å¯¼ä¸»ä»»é¼“åŠ±å­¦ç”Ÿä»¬è¿½æ±‚è‡ªå·±çš„æ¢¦æƒ³ã€‚,900030,63,,,,
4406,Experiment Group,,16,,,long,0.51,å¤§å­¦ç”Ÿæƒ³çŸ¥é“è®°è€…å–œæ¬¢éŸ³ä¹è€å¸ˆä¸ºä»€ä¹ˆå¤¸èµžäº†æ­Œæ‰‹ã€‚,116072,64,å–œæ¬¢,adj,,
4409,Experiment Group,,,practice_good,practice_good,,0.68,,,0,,,0,
4409,Experiment Group,,,practice_bad,practice_bad,,0.16,,,0,,,0,
4409,Experiment Group,,15,,,long,0.61,ä¸»æŒäººæƒ³çŸ¥é“å­¦è€…å–œæ¬¢æ”¿åºœå®˜å‘˜ä¸ºä»€ä¹ˆæ‰¹è¯„äº†æ€»ç»Ÿå€™é€‰äººã€‚,115072,1,å–œæ¬¢,adj,,
4409,Experiment Group,,18,,,long,0.48,èˆ¹é•¿æƒ³çŸ¥é“å»ºç­‘å¸ˆæƒ³é£žè¡Œå‘˜è´£å¤‡äº†è°ã€‚,218052,2,æƒ³,arg,,
4409,Experiment Group,,,,,,0.32,æ‹Žç€è¢‹å­çš„å°å­¦ç”Ÿèµµå…ˆç”Ÿå‘äººæ‰“å¬è®¸åŽ‚é•¿è§åˆ°äº†ä¸ºä»€ä¹ˆ,900007,3,,,,
4409,Experiment Group,,19,,,short,0.74,ç»ç†æƒ³çŸ¥é“è°è¯´æ˜Žå’Œå°šå¤¸å¥–äº†ä¹žä¸ã€‚,219041,4,è¯´æ˜Ž,arg,,
4409,Experiment Group,,,,,,0.97,é­è€å¸ˆçœ‹åˆ°äº†çœ‹äº†æŠ¥å‘Šçš„ç ”ç©¶ç”Ÿã€‚,900019,5,,,,
4409,Experiment Group,,11,,,short,0.98,æ”¿å®¢æƒ³çŸ¥é“è°è§‰å¾—æŠ¤å£«æŽ¨å€’äº†ç”·å­©ã€‚,211021,6,è§‰å¾—,arg,,
4409,Experiment Group,,31,,,long,0.66,å¿ƒç†å­¦å®¶æƒ³çŸ¥é“å¤§å­¦ç”Ÿå¸Œæœ›ä¿å§†ä¸ºä»€ä¹ˆè®¨å¥½äº†ç†å‘å¸ˆã€‚,131032,7,å¸Œæœ›,adj,,
4409,Experiment Group,,,,,,0.33,ç«¯ç€å‡‰çš®ä¸ºä»€ä¹ˆçš„å°ä¼™å­å­™å¸‚é•¿å‘äººæ‰“å¬éŸ©æ‘é•¿çœ‹åˆ°äº†,900002,8,,,,
4409,Experiment Group,,32,,,long,0.98,åŠ©æ‰‹æƒ³çŸ¥é“å†›å®˜æ€•è€å¸ˆå‡ºå–äº†è°ã€‚,232062,9,æ€•,arg,,
4409,Experiment Group,,,,,,0.99,å›½å®¶é¢†å¯¼äººæ‰¹å‡†å¹²éƒ¨å¯ä»¥ç¦»èŒç¿»è¯‘å®˜ã€‚,900014,10,,,,
4409,Experiment Group,,28,,,short,0.79,ä¸žç›¸æƒ³çŸ¥é“çš‡ä¸Šä¸ºä»€ä¹ˆè¯´æ˜Žå°†å†›å¨èƒäº†å¤§è‡£ã€‚,128041,11,è¯´æ˜Ž,adj,,
4409,Experiment Group,,13,,,short,0.92,æœåŠ¡å‘˜æƒ³çŸ¥é“è°æƒ³æ¼”è¯´å®¶æ¬ºéª—äº†å»ºç­‘å·¥äººã€‚,213051,12,æƒ³,arg,,
4409,Experiment Group,,,,,,0.3,å–ç€è±†æµ†ä¸ºä»€ä¹ˆçš„è€çˆ·çˆ·å‘¨è€æ¿æƒ³å¼„æ˜Žç™½éƒ‘ç§‘é•¿è§åˆ°äº†,900004,13,,,,
4409,Experiment Group,,,,,,0.31,ä¹°äº†æ²¹æ¡ä¸ºä»€ä¹ˆçš„å°ç”·å­©åˆ˜åŠ©ç†å¸Œæœ›çŸ¥é“é©¬ç§˜ä¹¦çž§è§äº†,900001,14,,,,
4409,Experiment Group,,,,,,0.83,ä¿å§†æƒ³çŸ¥é“è€çˆ·çˆ·åˆé¥­åˆ°åº•åƒäº†äº›ä»€ä¹ˆã€‚,900032,15,,,,
4409,Experiment Group,,3,,,short,0.47,ç»ç†æƒ³çŸ¥é“è°æ€•æœåŠ¡å‘˜æŽ¥å¾…äº†ä¹žä¸ã€‚,203061,16,æ€•,arg,,
4409,Experiment Group,,,,,,0.54,é˜Ÿå‘˜ä»¬è‡ªå·±çš„ä¼˜åŠ¿å‘éšçž’å¯¹æ‰‹ã€‚,900012,17,,,,
4409,Experiment Group,,24,,,short,0.37,ä»“åº“ç®¡ç†å‘˜æƒ³çŸ¥é“é‡‡è´­å‘˜ä¸ºä»€ä¹ˆå–œæ¬¢ä¿é™©ä»£ç†äººæŒ–è‹¦äº†æ¨¡ç‰¹ã€‚,124071,18,å–œæ¬¢,adj,,
4409,Experiment Group,,4,,,long,0.95,æ•™æŽˆæƒ³çŸ¥é“å·¥ç¨‹å¸ˆå¸Œæœ›ç§˜ä¹¦æ‰¹è¯„äº†è°ã€‚,204032,19,å¸Œæœ›,arg,,
4409,Experiment Group,,,,,,1,æ•°å­¦è€å¸ˆæŒ‡å¯¼ä¸­å­¦ç”Ÿä»¬å¦‚ä½•è§£å†³é—®é¢˜ã€‚,900031,20,,,,
4409,Experiment Group,,,,,,0.98,æ ¡é•¿é‡åˆ°äº†æ‰›ç€ç®±å­çš„ç»´ä¿®å‘˜ã€‚,900018,21,,,,
4409,Experiment Group,,,,,,0.98,é¡¾é—®æ²¡æ³¨æ„åˆ°ç«¯ç€ç›˜å­çš„é˜¿å§¨ã€‚,900023,22,,,,
4409,Experiment Group,,,,,,0.35,æˆ´ç€çœ¼é•œçš„åšå£«ç”Ÿéƒ‘ç§‘é•¿æƒ³è¦æ‰“å¬è´¹å”å”çœ‹åˆ°äº†ä¸ºä»€ä¹ˆ,900006,23,,,,
4409,Experiment Group,,21,,,short,0.74,çœé•¿æƒ³çŸ¥é“è¯å‰‚å¸ˆä¸ºä»€ä¹ˆæƒ³å°æŠ¥è®°è€…é‡‡è®¿äº†ç¨ŽåŠ¡å‘˜ã€‚,121051,24,æƒ³,adj,,
4409,Experiment Group,,,,,,1,äº¤è­¦åœ¨é©¬è·¯è¾¹æé†’è¡Œäººè¦æ³¨æ„å®‰å…¨ã€‚,900029,25,,,,
4409,Experiment Group,,10,,,short,0.26,å¯¼æ¸¸æƒ³çŸ¥é“å¤–å›½äººä¸ºä»€ä¹ˆçŒœä¿å®‰è¢­å‡»äº†å•†è´©ã€‚,110091,26,çŒœ,adj,,
4409,Experiment Group,,,,,,0.99,éƒ¨é—¨ç»ç†çš„å¥½æœ‹å‹å‘çˆ¶æ¯å€¾è¯‰äº†è‡ªå·±çš„çƒ¦æ¼ã€‚,900025,27,,,,
4409,Experiment Group,,,,,,0.58,è¿åŠ¨å‘˜çš„å§å§å‘è€å¸ˆè¯·æ•™äº†ä¸€ä¸ªé—®é¢˜ã€‚,900026,28,,,,
4409,Experiment Group,,14,,,short,0.75,è‹±è¯­è€å¸ˆæƒ³çŸ¥é“è°è¯´ä¸­å­¦ç”Ÿä¸¾æŠ¥äº†åº—å‘˜ã€‚,214011,29,è¯´,arg,,
4409,Experiment Group,,,,,,0.2,åŸºé‡‘ç®¡ç†å‘˜æœŸå¾…é¡¾å®¢å¯ä»¥æˆåŠŸåŽ†å²å­¦å®¶ã€‚,900013,30,,,,
4409,Experiment Group,,25,,,long,0.11,ç¾Žå®¹å¸ˆæƒ³çŸ¥é“æˆ¿ä¸œè¯´æ˜Žè¥å…»å¸ˆå“å”¬äº†è°ã€‚,225042,31,è¯´æ˜Ž,arg,,
4409,Experiment Group,,,,,,0,ç©¿ç€å¤–å¥—çš„è€å¥¶å¥¶å´å¤„é•¿æƒ³çŸ¥é“èµµå…ˆç”Ÿè§åˆ°äº†ä¸ºä»€ä¹ˆ,900005,32,,,,
4409,Experiment Group,,,,,,0.9,æ‘é•¿ä¸æƒ³è§ä¹°äº†å¡è½¦çš„æ‘æ°‘ã€‚,900022,33,,,,
4409,Experiment Group,,23,,,short,0.32,å›­ä¸æƒ³çŸ¥é“æ°´ç®¡å·¥ä¸ºä»€ä¹ˆå¸Œæœ›ç„Šå·¥è®­æ–¥äº†æ¸…æ´å·¥ã€‚,123031,34,å¸Œæœ›,adj,,
4409,Experiment Group,,,,,,0.88,éƒ¨é•¿æ²¡è§è¿‡åƒäº†åŒ…å­çš„å¤§å­¦ç”Ÿã€‚,900021,35,,,,
4409,Experiment Group,,29,,,long,0.18,ç¼–è¾‘æƒ³çŸ¥é“æ³•åŠ¡é¡¾é—®çŒœæ‚æŠ€æ¼”å‘˜ä¸ºä»€ä¹ˆæŠšå…»äº†å°å¥³å­©ã€‚,129092,36,çŒœ,adj,,
4409,Experiment Group,,,,,,0.35,èƒŒç€ä¹¦åŒ…çš„ä¸­å­¦ç”Ÿå†¯é˜¿å§¨æƒ³äº†è§£è’‹éƒ¨é•¿çž§è§äº†ä¸ºä»€ä¹ˆ,900008,37,,,,
4409,Experiment Group,,27,,,long,0.13,æ³•åŒ»æƒ³çŸ¥é“ä¸šåŠ¡å‘˜æ€•ç½ªçŠ¯ä¸ºä»€ä¹ˆè°‹å®³äº†ç¨‹åºå‘˜ã€‚,127062,38,æ€•,adj,,
4409,Experiment Group,,,,,,0.98,å¹¿å‘Šå•†é‚€è¯·å®¢æˆ·å‚åŠ åœ¨è¥¿é¤åŽ…ä¸¾åŠžçš„å®´ä¼šã€‚,900028,39,,,,
4409,Experiment Group,,,,,,0.34,æ–‡è‰ºè¯„è®ºå®¶æ€€ç–‘ç¼–è¾‘å¯ä»¥å·æ‡’æ•™æŽˆã€‚,900015,40,,,,
4409,Experiment Group,,30,,,short,0.75,èˆžè¹ˆè€å¸ˆæƒ³çŸ¥é“å®žä¹ ç”Ÿä¸ºä»€ä¹ˆæ€•æ­Œæ‰‹èµžç¾Žäº†å‰§ä½œå®¶ã€‚,130061,41,æ€•,adj,,
4409,Experiment Group,,,,,,0.98,å¤–ç§‘åŒ»ç”Ÿé¼“åŠ±ç—…äººå¤šé”»ç‚¼èº«ä½“ã€‚,900027,42,,,,
4409,Experiment Group,,17,,,short,0.35,ä¼šè®¡æƒ³çŸ¥é“è°çŒœç¼–è¾‘é‚€è¯·äº†ç¥žçˆ¶ã€‚,217091,43,çŒœ,arg,,
4409,Experiment Group,,9,,,long,0.66,å°†å†›æƒ³çŸ¥é“é—´è°è§‰å¾—å£«å…µä¸ºä»€ä¹ˆè·Ÿè¸ªäº†æ€»ç»Ÿã€‚,109022,44,è§‰å¾—,adj,,
4409,Experiment Group,,,,,,0.77,æ•™æŽˆè®¤è¯†ä¿®äº†æ¡Œå­çš„å·¥äººã€‚,900020,45,,,,
4409,Experiment Group,,2,,,long,0.99,æ³•å®˜æƒ³çŸ¥é“å¾‹å¸ˆè¯´è­¦å¯Ÿå®¡é—®äº†è°ã€‚,202012,46,è¯´,arg,,
4409,Experiment Group,,,,,,0.35,å†œä¸šä¸“å®¶ç›¸ä¿¡å¤©æ–‡å­¦å®¶å¯ä»¥é€€ä¼‘ç‰©ç†å­¦å®¶ã€‚,900016,47,,,,
4409,Experiment Group,,20,,,long,0.45,å”®è´§å‘˜æƒ³çŸ¥é“ä½œæ›²å®¶è¯´æ˜Žæ‘„å½±å¸ˆä¸ºä»€ä¹ˆæŒ‡è´£äº†å¿ƒç†åŒ»ç”Ÿã€‚,120042,48,è¯´æ˜Ž,adj,,
4409,Experiment Group,,26,,,long,0.42,åˆ¶ç‰‡äººæƒ³çŸ¥é“å¥èº«æ•™ç»ƒå–œæ¬¢åŒ–å¦†å¸ˆç›‘è§†äº†è°ã€‚,226072,49,å–œæ¬¢,arg,,
4409,Experiment Group,,,,,,0.98,æ•™å¯¼ä¸»ä»»é¼“åŠ±å­¦ç”Ÿä»¬è¿½æ±‚è‡ªå·±çš„æ¢¦æƒ³ã€‚,900030,50,,,,
4409,Experiment Group,,8,,,short,0.66,ä¾¦æŽ¢æƒ³çŸ¥é“è°å–œæ¬¢é£žè¡Œå‘˜ç¾žè¾±äº†å¡è½¦å¸æœºã€‚,208071,51,å–œæ¬¢,arg,,
4409,Experiment Group,,1,,,short,0.98,è€å¸ˆæƒ³çŸ¥é“å­¦ç”Ÿä¸ºä»€ä¹ˆè¯´ä¿®ç†å·¥æ‰“äº†å¿«é€’å‘˜ã€‚,101011,52,è¯´,adj,,
4409,Experiment Group,,,,,,0.01,æ‹¿ç€çƒ¤è‚ ä¸ºä»€ä¹ˆçš„å°å§‘å¨˜æŽç»ç†æƒ³è¦æ‰“å¬é™ˆæ ¡é•¿è§åˆ°äº†,900003,53,,,,
4409,Experiment Group,,7,,,long,0.98,æ‘é•¿æƒ³çŸ¥é“å†œæ°‘è§‰å¾—ç”µå·¥æ— è§†äº†è°ã€‚,207022,54,è§‰å¾—,arg,,
4409,Experiment Group,,12,,,long,0.62,åŒ…å·¥å¤´æƒ³çŸ¥é“å’Œå°šçŒœæ’­éŸ³å‘˜æ‰“ä¼¤äº†è°ã€‚,212092,55,çŒœ,arg,,
4409,Experiment Group,,,,,,0.34,è£…ä¿®å¸ˆå‚…ä¸æƒ³è§åˆ°åƒäº†æ±‰å ¡çš„å°å¥³å­©ã€‚,900024,56,,,,
4409,Experiment Group,,6,,,short,0.46,æ£€å¯Ÿå®˜æƒ³çŸ¥é“æ•™ç»ƒå‘˜ä¸ºä»€ä¹ˆè§‰å¾—éŸ³ä¹å®¶å¼€é™¤äº†ä¿é•–ã€‚,106021,57,è§‰å¾—,adj,,
4409,Experiment Group,,,,,,1,å†¯é˜¿å§¨çž§è§äº†èƒŒç€ä¹¦åŒ…çš„ä¸­å­¦ç”Ÿã€‚,900017,58,,,,
4409,Experiment Group,,,,,,0.41,å­¦ç”Ÿè‡ªå·±çš„é—®é¢˜å‘æå‡ºè€å¸ˆã€‚,900010,59,,,,
4409,Experiment Group,,,,,,0.37,åŠ©ç†è‡ªå·±çš„ç¼ºç‚¹å‘æŒ‡å‡ºç»ç†ã€‚,900011,60,,,,
4409,Experiment Group,,5,,,long,0.55,å¸‚é•¿æƒ³çŸ¥é“è®®å‘˜è¯´è‰ºæœ¯å®¶ä¸ºä»€ä¹ˆè”ç³»äº†æ¯’æž­ã€‚,105012,61,è¯´,adj,,
4409,Experiment Group,,22,,,long,0.34,é¡¾é—®æƒ³çŸ¥é“å¤–äº¤å®˜æƒ³ç”Ÿç‰©å­¦å®¶ä¸ºä»€ä¹ˆå˜²è®½äº†å“²å­¦å®¶ã€‚,122052,62,æƒ³,adj,,
4409,Experiment Group,,,,,,0.12,é¢†å¯¼è‡ªå·±çš„çƒ¦æ¼å‘å€¾è¯‰æœ‹å‹ã€‚,900009,63,,,,
4409,Experiment Group,,16,,,short,0.83,å¤§å­¦ç”Ÿæƒ³çŸ¥é“è°å¸Œæœ›éŸ³ä¹è€å¸ˆå¤¸èµžäº†æ­Œæ‰‹ã€‚,216031,64,å¸Œæœ›,arg,,
4414,Experiment Group,,,practice_good,practice_good,,0.97,,,0,,,0,
4414,Experiment Group,,,practice_bad,practice_bad,,0.05,,,0,,,0,
4414,Experiment Group,,10,,,short,0.06,å¯¼æ¸¸æƒ³çŸ¥é“è°å–œæ¬¢ä¿å®‰è¢­å‡»äº†å•†è´©ã€‚,210071,1,å–œæ¬¢,arg,,
4414,Experiment Group,,29,,,long,0.12,ç¼–è¾‘æƒ³çŸ¥é“æ³•åŠ¡é¡¾é—®è¯´æ˜Žæ‚æŠ€æ¼”å‘˜ä¸ºä»€ä¹ˆæŠšå…»äº†å°å¥³å­©ã€‚,129042,2,è¯´æ˜Ž,adj,,
4414,Experiment Group,,,,,,0.05,åŠ©ç†è‡ªå·±çš„ç¼ºç‚¹å‘æŒ‡å‡ºç»ç†ã€‚,900011,3,,,,
4414,Experiment Group,,,,,,0.96,æ•™å¯¼ä¸»ä»»é¼“åŠ±å­¦ç”Ÿä»¬è¿½æ±‚è‡ªå·±çš„æ¢¦æƒ³ã€‚,900030,4,,,,
4414,Experiment Group,,,,,,0.01,å­¦ç”Ÿè‡ªå·±çš„é—®é¢˜å‘æå‡ºè€å¸ˆã€‚,900010,5,,,,
4414,Experiment Group,,19,,,short,0.28,ç»ç†æƒ³çŸ¥é“é“å£«ä¸ºä»€ä¹ˆè§‰å¾—å’Œå°šå¤¸å¥–äº†ä¹žä¸ã€‚,119021,6,è§‰å¾—,adj,,
4414,Experiment Group,,,,,,0.71,éƒ¨é•¿æ²¡è§è¿‡åƒäº†åŒ…å­çš„å¤§å­¦ç”Ÿã€‚,900021,7,,,,
4414,Experiment Group,,23,,,long,0.48,å›­ä¸æƒ³çŸ¥é“æ°´ç®¡å·¥è¯´ç„Šå·¥è®­æ–¥äº†è°ã€‚,223012,8,è¯´,arg,,
4414,Experiment Group,,,,,,0.99,é¡¾é—®æ²¡æ³¨æ„åˆ°ç«¯ç€ç›˜å­çš„é˜¿å§¨ã€‚,900023,9,,,,
4414,Experiment Group,,,,,,0.71,æ•™æŽˆè®¤è¯†ä¿®äº†æ¡Œå­çš„å·¥äººã€‚,900020,10,,,,
4414,Experiment Group,,9,,,long,0.41,å°†å†›æƒ³çŸ¥é“é—´è°å¸Œæœ›å£«å…µè·Ÿè¸ªäº†è°ã€‚,209032,11,å¸Œæœ›,arg,,
4414,Experiment Group,,21,,,short,0.18,çœé•¿æƒ³çŸ¥é“è°è¯´æ˜Žå°æŠ¥è®°è€…é‡‡è®¿äº†ç¨ŽåŠ¡å‘˜ã€‚,221041,12,è¯´æ˜Ž,arg,,
4414,Experiment Group,,,,,,0.42,é­è€å¸ˆçœ‹åˆ°äº†çœ‹äº†æŠ¥å‘Šçš„ç ”ç©¶ç”Ÿã€‚,900019,13,,,,
4414,Experiment Group,,16,,,long,0.37,å¤§å­¦ç”Ÿæƒ³çŸ¥é“è®°è€…çŒœéŸ³ä¹è€å¸ˆå¤¸èµžäº†è°ã€‚,216092,14,çŒœ,arg,,
4414,Experiment Group,,14,,,short,0.18,è‹±è¯­è€å¸ˆæƒ³çŸ¥é“è°çŒœä¸­å­¦ç”Ÿä¸¾æŠ¥äº†åº—å‘˜ã€‚,214091,15,çŒœ,arg,,
4414,Experiment Group,,,,,,0.96,å†¯é˜¿å§¨çž§è§äº†èƒŒç€ä¹¦åŒ…çš„ä¸­å­¦ç”Ÿã€‚,900017,16,,,,
4414,Experiment Group,,28,,,short,0.98,ä¸žç›¸æƒ³çŸ¥é“çš‡ä¸Šä¸ºä»€ä¹ˆæ€•å°†å†›å¨èƒäº†å¤§è‡£ã€‚,128061,17,æ€•,adj,,
4414,Experiment Group,,,,,,0.96,äº¤è­¦åœ¨é©¬è·¯è¾¹æé†’è¡Œäººè¦æ³¨æ„å®‰å…¨ã€‚,900029,18,,,,
4414,Experiment Group,,7,,,short,0.2,æ‘é•¿æƒ³çŸ¥é“è°å¸Œæœ›ç”µå·¥æ— è§†äº†é¢†å¯¼ã€‚,207031,19,å¸Œæœ›,arg,,
4414,Experiment Group,,,,,,0.05,ç«¯ç€å‡‰çš®ä¸ºä»€ä¹ˆçš„å°ä¼™å­å­™å¸‚é•¿å‘äººæ‰“å¬éŸ©æ‘é•¿çœ‹åˆ°äº†,900002,20,,,,
4414,Experiment Group,,25,,,short,0.31,ç¾Žå®¹å¸ˆæƒ³çŸ¥é“è°è§‰å¾—è¥å…»å¸ˆå“å”¬äº†å¿«é¤åº—å‘˜ã€‚,225021,21,è§‰å¾—,arg,,
4414,Experiment Group,,26,,,long,0.18,åˆ¶ç‰‡äººæƒ³çŸ¥é“å¥èº«æ•™ç»ƒå–œæ¬¢åŒ–å¦†å¸ˆç›‘è§†äº†è°ã€‚,226072,22,å–œæ¬¢,arg,,
4414,Experiment Group,,,,,,0.11,é˜Ÿå‘˜ä»¬è‡ªå·±çš„ä¼˜åŠ¿å‘éšçž’å¯¹æ‰‹ã€‚,900012,23,,,,
4414,Experiment Group,,32,,,short,0.23,åŠ©æ‰‹æƒ³çŸ¥é“å†›å®˜ä¸ºä»€ä¹ˆè¯´æ˜Žè€å¸ˆå‡ºå–äº†æ°´æ‰‹ã€‚,132041,24,è¯´æ˜Ž,adj,,
4414,Experiment Group,,17,,,short,0.38,ä¼šè®¡æƒ³çŸ¥é“æ¼”å‘˜ä¸ºä»€ä¹ˆå¸Œæœ›ç¼–è¾‘é‚€è¯·äº†ç¥žçˆ¶ã€‚,117031,25,å¸Œæœ›,adj,,
4414,Experiment Group,,,,,,0.98,å¹¿å‘Šå•†é‚€è¯·å®¢æˆ·å‚åŠ åœ¨è¥¿é¤åŽ…ä¸¾åŠžçš„å®´ä¼šã€‚,900028,26,,,,
4414,Experiment Group,,,,,,0.38,å›½å®¶é¢†å¯¼äººæ‰¹å‡†å¹²éƒ¨å¯ä»¥ç¦»èŒç¿»è¯‘å®˜ã€‚,900014,27,,,,
4414,Experiment Group,,22,,,short,0.54,é¡¾é—®æƒ³çŸ¥é“è°è¯´ç”Ÿç‰©å­¦å®¶å˜²è®½äº†å“²å­¦å®¶ã€‚,222011,28,è¯´,arg,,
4414,Experiment Group,,20,,,long,0.21,å”®è´§å‘˜æƒ³çŸ¥é“ä½œæ›²å®¶æƒ³æ‘„å½±å¸ˆä¸ºä»€ä¹ˆæŒ‡è´£äº†å¿ƒç†åŒ»ç”Ÿã€‚,120052,29,æƒ³,adj,,
4414,Experiment Group,,,,,,0.97,è¿åŠ¨å‘˜çš„å§å§å‘è€å¸ˆè¯·æ•™äº†ä¸€ä¸ªé—®é¢˜ã€‚,900026,30,,,,
4414,Experiment Group,,11,,,short,0.35,æ”¿å®¢æƒ³çŸ¥é“åŒ»ç”Ÿä¸ºä»€ä¹ˆå–œæ¬¢æŠ¤å£«æŽ¨å€’äº†ç”·å­©ã€‚,111071,31,å–œæ¬¢,adj,,
4414,Experiment Group,,,,,,0.98,éƒ¨é—¨ç»ç†çš„å¥½æœ‹å‹å‘çˆ¶æ¯å€¾è¯‰äº†è‡ªå·±çš„çƒ¦æ¼ã€‚,900025,32,,,,
4414,Experiment Group,,4,,,long,0.12,æ•™æŽˆæƒ³çŸ¥é“å·¥ç¨‹å¸ˆå¸Œæœ›ç§˜ä¹¦ä¸ºä»€ä¹ˆæ‰¹è¯„äº†è¿åŠ¨å‘˜ã€‚,104032,33,å¸Œæœ›,adj,,
4414,Experiment Group,,2,,,long,0.25,æ³•å®˜æƒ³çŸ¥é“å¾‹å¸ˆè¯´è­¦å¯Ÿä¸ºä»€ä¹ˆå®¡é—®äº†å­¦ç”Ÿã€‚,102012,34,è¯´,adj,,
4414,Experiment Group,,,,,,0.13,æ–‡è‰ºè¯„è®ºå®¶æ€€ç–‘ç¼–è¾‘å¯ä»¥å·æ‡’æ•™æŽˆã€‚,900015,35,,,,
4414,Experiment Group,,13,,,short,0.16,æœåŠ¡å‘˜æƒ³çŸ¥é“å”®ç¥¨å‘˜ä¸ºä»€ä¹ˆæƒ³æ¼”è¯´å®¶æ¬ºéª—äº†å»ºç­‘å·¥äººã€‚,113051,36,æƒ³,adj,,
4414,Experiment Group,,,,,,0.55,æ‹Žç€è¢‹å­çš„å°å­¦ç”Ÿèµµå…ˆç”Ÿå‘äººæ‰“å¬è®¸åŽ‚é•¿è§åˆ°äº†ä¸ºä»€ä¹ˆ,900007,37,,,,
4414,Experiment Group,,18,,,long,0.39,èˆ¹é•¿æƒ³çŸ¥é“å»ºç­‘å¸ˆæ€•é£žè¡Œå‘˜è´£å¤‡äº†è°ã€‚,218062,38,æ€•,arg,,
4414,Experiment Group,,15,,,long,0.29,ä¸»æŒäººæƒ³çŸ¥é“å­¦è€…çŒœæ”¿åºœå®˜å‘˜ä¸ºä»€ä¹ˆæ‰¹è¯„äº†æ€»ç»Ÿå€™é€‰äººã€‚,115092,39,çŒœ,adj,,
4414,Experiment Group,,,,,,0.97,æˆ´ç€çœ¼é•œçš„åšå£«ç”Ÿéƒ‘ç§‘é•¿æƒ³è¦æ‰“å¬è´¹å”å”çœ‹åˆ°äº†ä¸ºä»€ä¹ˆ,900006,40,,,,
4414,Experiment Group,,,,,,0.79,æ‘é•¿ä¸æƒ³è§ä¹°äº†å¡è½¦çš„æ‘æ°‘ã€‚,900022,41,,,,
4414,Experiment Group,,,,,,0.14,æ‹¿ç€çƒ¤è‚ ä¸ºä»€ä¹ˆçš„å°å§‘å¨˜æŽç»ç†æƒ³è¦æ‰“å¬é™ˆæ ¡é•¿è§åˆ°äº†,900003,42,,,,
4414,Experiment Group,,,,,,1,æ•°å­¦è€å¸ˆæŒ‡å¯¼ä¸­å­¦ç”Ÿä»¬å¦‚ä½•è§£å†³é—®é¢˜ã€‚,900031,43,,,,
4414,Experiment Group,,,,,,0.97,è£…ä¿®å¸ˆå‚…ä¸æƒ³è§åˆ°åƒäº†æ±‰å ¡çš„å°å¥³å­©ã€‚,900024,44,,,,
4414,Experiment Group,,12,,,short,0.21,åŒ…å·¥å¤´æƒ³çŸ¥é“å’Œå°šä¸ºä»€ä¹ˆçŒœæ’­éŸ³å‘˜æ‰“ä¼¤äº†ç®—å‘½å…ˆç”Ÿã€‚,112091,45,çŒœ,adj,,
4414,Experiment Group,,31,,,short,0.2,å¿ƒç†å­¦å®¶æƒ³çŸ¥é“è°æ€•ä¿å§†è®¨å¥½äº†ç†å‘å¸ˆã€‚,231061,46,æ€•,arg,,
4414,Experiment Group,,,,,,0.29,èƒŒç€ä¹¦åŒ…çš„ä¸­å­¦ç”Ÿå†¯é˜¿å§¨æƒ³äº†è§£è’‹éƒ¨é•¿çž§è§äº†ä¸ºä»€ä¹ˆ,900008,47,,,,
4414,Experiment Group,,1,,,long,0.25,è€å¸ˆæƒ³çŸ¥é“å­¦ç”Ÿè¯´æ˜Žä¿®ç†å·¥æ‰“äº†è°ã€‚,201042,48,è¯´æ˜Ž,arg,,
4414,Experiment Group,,,,,,0.23,å†œä¸šä¸“å®¶ç›¸ä¿¡å¤©æ–‡å­¦å®¶å¯ä»¥é€€ä¼‘ç‰©ç†å­¦å®¶ã€‚,900016,49,,,,
4414,Experiment Group,,,,,,0.99,ç©¿ç€å¤–å¥—çš„è€å¥¶å¥¶å´å¤„é•¿æƒ³çŸ¥é“èµµå…ˆç”Ÿè§åˆ°äº†ä¸ºä»€ä¹ˆ,900005,50,,,,
4414,Experiment Group,,30,,,long,0.3,èˆžè¹ˆè€å¸ˆæƒ³çŸ¥é“å®žä¹ ç”Ÿæƒ³æ­Œæ‰‹èµžç¾Žäº†è°ã€‚,230052,51,æƒ³,arg,,
4414,Experiment Group,,5,,,long,0.34,å¸‚é•¿æƒ³çŸ¥é“è®®å‘˜è§‰å¾—è‰ºæœ¯å®¶è”ç³»äº†è°ã€‚,205022,52,è§‰å¾—,arg,,
4414,Experiment Group,,,,,,0.98,æ ¡é•¿é‡åˆ°äº†æ‰›ç€ç®±å­çš„ç»´ä¿®å‘˜ã€‚,900018,53,,,,
4414,Experiment Group,,,,,,0.16,å–ç€è±†æµ†ä¸ºä»€ä¹ˆçš„è€çˆ·çˆ·å‘¨è€æ¿æƒ³å¼„æ˜Žç™½éƒ‘ç§‘é•¿è§åˆ°äº†,900004,54,,,,
4414,Experiment Group,,,,,,1,ä¿å§†æƒ³çŸ¥é“è€çˆ·çˆ·åˆé¥­åˆ°åº•åƒäº†äº›ä»€ä¹ˆã€‚,900032,55,,,,
4414,Experiment Group,,8,,,long,0.26,ä¾¦æŽ¢æƒ³çŸ¥é“å”®è´§å‘˜å–œæ¬¢é£žè¡Œå‘˜ä¸ºä»€ä¹ˆç¾žè¾±äº†å¡è½¦å¸æœºã€‚,108072,56,å–œæ¬¢,adj,,
4414,Experiment Group,,27,,,long,0.15,æ³•åŒ»æƒ³çŸ¥é“ä¸šåŠ¡å‘˜è§‰å¾—ç½ªçŠ¯ä¸ºä»€ä¹ˆè°‹å®³äº†ç¨‹åºå‘˜ã€‚,127022,57,è§‰å¾—,adj,,
4414,Experiment Group,,,,,,0.07,ä¹°äº†æ²¹æ¡ä¸ºä»€ä¹ˆçš„å°ç”·å­©åˆ˜åŠ©ç†å¸Œæœ›çŸ¥é“é©¬ç§˜ä¹¦çž§è§äº†,900001,58,,,,
4414,Experiment Group,,6,,,short,0.55,æ£€å¯Ÿå®˜æƒ³çŸ¥é“æ•™ç»ƒå‘˜ä¸ºä»€ä¹ˆè¯´éŸ³ä¹å®¶å¼€é™¤äº†ä¿é•–ã€‚,106011,59,è¯´,adj,,
4414,Experiment Group,,24,,,long,0.11,ä»“åº“ç®¡ç†å‘˜æƒ³çŸ¥é“é‡‡è´­å‘˜æ€•ä¿é™©ä»£ç†äººä¸ºä»€ä¹ˆæŒ–è‹¦äº†æ¨¡ç‰¹ã€‚,124062,60,æ€•,adj,,
4414,Experiment Group,,,,,,0.1,åŸºé‡‘ç®¡ç†å‘˜æœŸå¾…é¡¾å®¢å¯ä»¥æˆåŠŸåŽ†å²å­¦å®¶ã€‚,900013,61,,,,
4414,Experiment Group,,,,,,1,å¤–ç§‘åŒ»ç”Ÿé¼“åŠ±ç—…äººå¤šé”»ç‚¼èº«ä½“ã€‚,900027,62,,,,
4414,Experiment Group,,3,,,short,0.13,ç»ç†æƒ³çŸ¥é“è°æƒ³æœåŠ¡å‘˜æŽ¥å¾…äº†ä¹žä¸ã€‚,203051,63,æƒ³,arg,,
4414,Experiment Group,,,,,,0.13,é¢†å¯¼è‡ªå·±çš„çƒ¦æ¼å‘å€¾è¯‰æœ‹å‹ã€‚,900009,64,,,,
4412,Experiment Group,,,practice_good,practice_good,,1,,,0,,,0,
4412,Experiment Group,,,practice_bad,practice_bad,,0,,,0,,,0,
4412,Experiment Group,,15,,,short,0.77,ä¸»æŒäººæƒ³çŸ¥é“è°çŒœæ”¿åºœå®˜å‘˜æ‰¹è¯„äº†æ€»ç»Ÿå€™é€‰äººã€‚,215091,1,çŒœ,arg,,
4412,Experiment Group,,,,,,0.02,å­¦ç”Ÿè‡ªå·±çš„é—®é¢˜å‘æå‡ºè€å¸ˆã€‚,900010,2,,,,
4412,Experiment Group,,5,,,short,0.29,å¸‚é•¿æƒ³çŸ¥é“è°å¸Œæœ›è‰ºæœ¯å®¶è”ç³»äº†æ¯’æž­ã€‚,205031,3,å¸Œæœ›,arg,,
4412,Experiment Group,,8,,,long,0.66,ä¾¦æŽ¢æƒ³çŸ¥é“å”®è´§å‘˜çŒœé£žè¡Œå‘˜ç¾žè¾±äº†è°ã€‚,208092,4,çŒœ,arg,,
4412,Experiment Group,,,,,,0.02,æˆ´ç€çœ¼é•œçš„åšå£«ç”Ÿéƒ‘ç§‘é•¿æƒ³è¦æ‰“å¬è´¹å”å”çœ‹åˆ°äº†ä¸ºä»€ä¹ˆ,900006,5,,,,
4412,Experiment Group,,30,,,long,0.03,èˆžè¹ˆè€å¸ˆæƒ³çŸ¥é“å®žä¹ ç”Ÿè¯´æ˜Žæ­Œæ‰‹èµžç¾Žäº†è°ã€‚,230042,6,è¯´æ˜Ž,arg,,
4412,Experiment Group,,18,,,short,0.7,èˆ¹é•¿æƒ³çŸ¥é“å»ºç­‘å¸ˆä¸ºä»€ä¹ˆè¯´é£žè¡Œå‘˜è´£å¤‡äº†ç»æµŽå­¦å®¶ã€‚,118011,7,è¯´,adj,,
4412,Experiment Group,,,,,,0.02,æ–‡è‰ºè¯„è®ºå®¶æ€€ç–‘ç¼–è¾‘å¯ä»¥å·æ‡’æ•™æŽˆã€‚,900015,8,,,,
4412,Experiment Group,,1,,,short,0.82,è€å¸ˆæƒ³çŸ¥é“å­¦ç”Ÿä¸ºä»€ä¹ˆè§‰å¾—ä¿®ç†å·¥æ‰“äº†å¿«é€’å‘˜ã€‚,101021,9,è§‰å¾—,adj,,
4412,Experiment Group,,,,,,0.95,é¡¾é—®æ²¡æ³¨æ„åˆ°ç«¯ç€ç›˜å­çš„é˜¿å§¨ã€‚,900023,10,,,,
4412,Experiment Group,,,,,,0.02,èƒŒç€ä¹¦åŒ…çš„ä¸­å­¦ç”Ÿå†¯é˜¿å§¨æƒ³äº†è§£è’‹éƒ¨é•¿çž§è§äº†ä¸ºä»€ä¹ˆ,900008,11,,,,
4412,Experiment Group,,,,,,0.01,å›½å®¶é¢†å¯¼äººæ‰¹å‡†å¹²éƒ¨å¯ä»¥ç¦»èŒç¿»è¯‘å®˜ã€‚,900014,12,,,,
4412,Experiment Group,,,,,,0.03,ç©¿ç€å¤–å¥—çš„è€å¥¶å¥¶å´å¤„é•¿æƒ³çŸ¥é“èµµå…ˆç”Ÿè§åˆ°äº†ä¸ºä»€ä¹ˆ,900005,13,,,,
4412,Experiment Group,,,,,,0.98,å†¯é˜¿å§¨çž§è§äº†èƒŒç€ä¹¦åŒ…çš„ä¸­å­¦ç”Ÿã€‚,900017,14,,,,
4412,Experiment Group,,12,,,long,0.63,åŒ…å·¥å¤´æƒ³çŸ¥é“å’Œå°šè§‰å¾—æ’­éŸ³å‘˜æ‰“ä¼¤äº†è°ã€‚,212022,15,è§‰å¾—,arg,,
4412,Experiment Group,,20,,,short,0.01,å”®è´§å‘˜æƒ³çŸ¥é“è°å–œæ¬¢æ‘„å½±å¸ˆæŒ‡è´£äº†å¿ƒç†åŒ»ç”Ÿã€‚,220071,16,å–œæ¬¢,arg,,
4412,Experiment Group,,,,,,0.99,äº¤è­¦åœ¨é©¬è·¯è¾¹æé†’è¡Œäººè¦æ³¨æ„å®‰å…¨ã€‚,900029,17,,,,
4412,Experiment Group,,23,,,long,0,å›­ä¸æƒ³çŸ¥é“æ°´ç®¡å·¥æƒ³ç„Šå·¥è®­æ–¥äº†è°ã€‚,223052,18,æƒ³,arg,,
4412,Experiment Group,,6,,,long,0.01,æ£€å¯Ÿå®˜æƒ³çŸ¥é“æ•™ç»ƒå‘˜æƒ³éŸ³ä¹å®¶ä¸ºä»€ä¹ˆå¼€é™¤äº†ä¿é•–ã€‚,106052,19,æƒ³,adj,,
4412,Experiment Group,,,,,,0.98,å¤–ç§‘åŒ»ç”Ÿé¼“åŠ±ç—…äººå¤šé”»ç‚¼èº«ä½“ã€‚,900027,20,,,,
4412,Experiment Group,,,,,,0.97,ä¿å§†æƒ³çŸ¥é“è€çˆ·çˆ·åˆé¥­åˆ°åº•åƒäº†äº›ä»€ä¹ˆã€‚,900032,21,,,,
4412,Experiment Group,,,,,,0.98,æ ¡é•¿é‡åˆ°äº†æ‰›ç€ç®±å­çš„ç»´ä¿®å‘˜ã€‚,900018,22,,,,
4412,Experiment Group,,16,,,long,0.02,å¤§å­¦ç”Ÿæƒ³çŸ¥é“è®°è€…å¸Œæœ›éŸ³ä¹è€å¸ˆä¸ºä»€ä¹ˆå¤¸èµžäº†æ­Œæ‰‹ã€‚,116032,23,å¸Œæœ›,adj,,
4412,Experiment Group,,,,,,0.04,å–ç€è±†æµ†ä¸ºä»€ä¹ˆçš„è€çˆ·çˆ·å‘¨è€æ¿æƒ³å¼„æ˜Žç™½éƒ‘ç§‘é•¿è§åˆ°äº†,900004,24,,,,
4412,Experiment Group,,,,,,0.66,é­è€å¸ˆçœ‹åˆ°äº†çœ‹äº†æŠ¥å‘Šçš„ç ”ç©¶ç”Ÿã€‚,900019,25,,,,
4412,Experiment Group,,,,,,0.01,é¢†å¯¼è‡ªå·±çš„çƒ¦æ¼å‘å€¾è¯‰æœ‹å‹ã€‚,900009,26,,,,
4412,Experiment Group,,,,,,0,ç«¯ç€å‡‰çš®ä¸ºä»€ä¹ˆçš„å°ä¼™å­å­™å¸‚é•¿å‘äººæ‰“å¬éŸ©æ‘é•¿çœ‹åˆ°äº†,900002,27,,,,
4412,Experiment Group,,11,,,long,0.23,æ”¿å®¢æƒ³çŸ¥é“åŒ»ç”Ÿè§‰å¾—æŠ¤å£«ä¸ºä»€ä¹ˆæŽ¨å€’äº†ç”·å­©ã€‚,111022,28,è§‰å¾—,adj,,
4412,Experiment Group,,13,,,short,0.86,æœåŠ¡å‘˜æƒ³çŸ¥é“è°è§‰å¾—æ¼”è¯´å®¶æ¬ºéª—äº†å»ºç­‘å·¥äººã€‚,213021,29,è§‰å¾—,arg,,
4412,Experiment Group,,,,,,1,å¹¿å‘Šå•†é‚€è¯·å®¢æˆ·å‚åŠ åœ¨è¥¿é¤åŽ…ä¸¾åŠžçš„å®´ä¼šã€‚,900028,30,,,,
4412,Experiment Group,,28,,,short,0.01,ä¸žç›¸æƒ³çŸ¥é“çš‡ä¸Šä¸ºä»€ä¹ˆå–œæ¬¢å°†å†›å¨èƒäº†å¤§è‡£ã€‚,128071,31,å–œæ¬¢,adj,,
4412,Experiment Group,,24,,,short,0.23,ä»“åº“ç®¡ç†å‘˜æƒ³çŸ¥é“é‡‡è´­å‘˜ä¸ºä»€ä¹ˆå¸Œæœ›ä¿é™©ä»£ç†äººæŒ–è‹¦äº†æ¨¡ç‰¹ã€‚,124031,32,å¸Œæœ›,adj,,
4412,Experiment Group,,,,,,0.98,æ•™å¯¼ä¸»ä»»é¼“åŠ±å­¦ç”Ÿä»¬è¿½æ±‚è‡ªå·±çš„æ¢¦æƒ³ã€‚,900030,33,,,,
4412,Experiment Group,,,,,,0.11,éƒ¨é•¿æ²¡è§è¿‡åƒäº†åŒ…å­çš„å¤§å­¦ç”Ÿã€‚,900021,34,,,,
4412,Experiment Group,,21,,,long,0.01,çœé•¿æƒ³çŸ¥é“è¯å‰‚å¸ˆå–œæ¬¢å°æŠ¥è®°è€…ä¸ºä»€ä¹ˆé‡‡è®¿äº†ç¨ŽåŠ¡å‘˜ã€‚,121072,35,å–œæ¬¢,adj,,
4412,Experiment Group,,9,,,short,0.99,å°†å†›æƒ³çŸ¥é“è°è¯´å£«å…µè·Ÿè¸ªäº†æ€»ç»Ÿã€‚,209011,36,è¯´,arg,,
4412,Experiment Group,,,,,,0,æ‹¿ç€çƒ¤è‚ ä¸ºä»€ä¹ˆçš„å°å§‘å¨˜æŽç»ç†æƒ³è¦æ‰“å¬é™ˆæ ¡é•¿è§åˆ°äº†,900003,37,,,,
4412,Experiment Group,,22,,,short,0.09,é¡¾é—®æƒ³çŸ¥é“å¤–äº¤å®˜ä¸ºä»€ä¹ˆè¯´æ˜Žç”Ÿç‰©å­¦å®¶å˜²è®½äº†å“²å­¦å®¶ã€‚,122041,38,è¯´æ˜Ž,adj,,
4412,Experiment Group,,,,,,0,åŸºé‡‘ç®¡ç†å‘˜æœŸå¾…é¡¾å®¢å¯ä»¥æˆåŠŸåŽ†å²å­¦å®¶ã€‚,900013,39,,,,
4412,Experiment Group,,17,,,short,0.85,ä¼šè®¡æƒ³çŸ¥é“æ¼”å‘˜ä¸ºä»€ä¹ˆçŒœç¼–è¾‘é‚€è¯·äº†ç¥žçˆ¶ã€‚,117091,40,çŒœ,adj,,
4412,Experiment Group,,4,,,short,0.19,æ•™æŽˆæƒ³çŸ¥é“å·¥ç¨‹å¸ˆä¸ºä»€ä¹ˆæ€•ç§˜ä¹¦æ‰¹è¯„äº†è¿åŠ¨å‘˜ã€‚,104061,41,æ€•,adj,,
4412,Experiment Group,,,,,,0.01,é˜Ÿå‘˜ä»¬è‡ªå·±çš„ä¼˜åŠ¿å‘éšçž’å¯¹æ‰‹ã€‚,900012,42,,,,
4412,Experiment Group,,26,,,long,0,åˆ¶ç‰‡äººæƒ³çŸ¥é“å¥èº«æ•™ç»ƒè¯´åŒ–å¦†å¸ˆä¸ºä»€ä¹ˆç›‘è§†äº†è°ƒé…’å¸ˆã€‚,126012,43,è¯´,adj,,
4412,Experiment Group,,2,,,long,0.07,æ³•å®˜æƒ³çŸ¥é“å¾‹å¸ˆå¸Œæœ›è­¦å¯Ÿå®¡é—®äº†è°ã€‚,202032,44,å¸Œæœ›,arg,,
4412,Experiment Group,,,,,,1,æ•°å­¦è€å¸ˆæŒ‡å¯¼ä¸­å­¦ç”Ÿä»¬å¦‚ä½•è§£å†³é—®é¢˜ã€‚,900031,45,,,,
4412,Experiment Group,,29,,,long,0,ç¼–è¾‘æƒ³çŸ¥é“æ³•åŠ¡é¡¾é—®å–œæ¬¢æ‚æŠ€æ¼”å‘˜æŠšå…»äº†è°ã€‚,229072,46,å–œæ¬¢,arg,,
4412,Experiment Group,,19,,,short,0,ç»ç†æƒ³çŸ¥é“è°è¯´æ˜Žå’Œå°šå¤¸å¥–äº†ä¹žä¸ã€‚,219041,47,è¯´æ˜Ž,arg,,
4412,Experiment Group,,,,,,0,å†œä¸šä¸“å®¶ç›¸ä¿¡å¤©æ–‡å­¦å®¶å¯ä»¥é€€ä¼‘ç‰©ç†å­¦å®¶ã€‚,900016,48,,,,
4412,Experiment Group,,32,,,long,0.9,åŠ©æ‰‹æƒ³çŸ¥é“å†›å®˜è¯´è€å¸ˆå‡ºå–äº†è°ã€‚,232012,49,è¯´,arg,,
4412,Experiment Group,,10,,,long,0,å¯¼æ¸¸æƒ³çŸ¥é“å¤–å›½äººæ€•ä¿å®‰ä¸ºä»€ä¹ˆè¢­å‡»äº†å•†è´©ã€‚,110062,50,æ€•,adj,,
4412,Experiment Group,,,,,,0.64,è£…ä¿®å¸ˆå‚…ä¸æƒ³è§åˆ°åƒäº†æ±‰å ¡çš„å°å¥³å­©ã€‚,900024,51,,,,
4412,Experiment Group,,,,,,1,è¿åŠ¨å‘˜çš„å§å§å‘è€å¸ˆè¯·æ•™äº†ä¸€ä¸ªé—®é¢˜ã€‚,900026,52,,,,
4412,Experiment Group,,3,,,long,0.2,ç»ç†æƒ³çŸ¥é“åŽ¨å¸ˆçŒœæœåŠ¡å‘˜ä¸ºä»€ä¹ˆæŽ¥å¾…äº†ä¹žä¸ã€‚,103092,53,çŒœ,adj,,
4412,Experiment Group,,7,,,long,0,æ‘é•¿æƒ³çŸ¥é“å†œæ°‘æ€•ç”µå·¥æ— è§†äº†è°ã€‚,207062,54,æ€•,arg,,
4412,Experiment Group,,,,,,0.97,æ‘é•¿ä¸æƒ³è§ä¹°äº†å¡è½¦çš„æ‘æ°‘ã€‚,900022,55,,,,
4412,Experiment Group,,31,,,short,0,å¿ƒç†å­¦å®¶æƒ³çŸ¥é“å¤§å­¦ç”Ÿä¸ºä»€ä¹ˆæƒ³ä¿å§†è®¨å¥½äº†ç†å‘å¸ˆã€‚,131051,56,æƒ³,adj,,
4412,Experiment Group,,,,,,1,éƒ¨é—¨ç»ç†çš„å¥½æœ‹å‹å‘çˆ¶æ¯å€¾è¯‰äº†è‡ªå·±çš„çƒ¦æ¼ã€‚,900025,57,,,,
4412,Experiment Group,,,,,,0,åŠ©ç†è‡ªå·±çš„ç¼ºç‚¹å‘æŒ‡å‡ºç»ç†ã€‚,900011,58,,,,
4412,Experiment Group,,,,,,0,æ‹Žç€è¢‹å­çš„å°å­¦ç”Ÿèµµå…ˆç”Ÿå‘äººæ‰“å¬è®¸åŽ‚é•¿è§åˆ°äº†ä¸ºä»€ä¹ˆ,900007,59,,,,
4412,Experiment Group,,25,,,short,0,ç¾Žå®¹å¸ˆæƒ³çŸ¥é“è°æƒ³è¥å…»å¸ˆå“å”¬äº†å¿«é¤åº—å‘˜ã€‚,225051,60,æƒ³,arg,,
4412,Experiment Group,,,,,,1,æ•™æŽˆè®¤è¯†ä¿®äº†æ¡Œå­çš„å·¥äººã€‚,900020,61,,,,
4412,Experiment Group,,27,,,short,0.62,æ³•åŒ»æƒ³çŸ¥é“è°æ€•ç½ªçŠ¯è°‹å®³äº†ç¨‹åºå‘˜ã€‚,227061,62,æ€•,arg,,
4412,Experiment Group,,14,,,long,0.14,è‹±è¯­è€å¸ˆæƒ³çŸ¥é“å·¥ç¨‹å¸ˆè¯´æ˜Žä¸­å­¦ç”Ÿä¸ºä»€ä¹ˆä¸¾æŠ¥äº†åº—å‘˜ã€‚,114042,63,è¯´æ˜Ž,adj,,
4412,Experiment Group,,,,,,0,ä¹°äº†æ²¹æ¡ä¸ºä»€ä¹ˆçš„å°ç”·å­©åˆ˜åŠ©ç†å¸Œæœ›çŸ¥é“é©¬ç§˜ä¹¦çž§è§äº†,900001,64,,,,
4405,Experiment Group,,,practice_good,practice_good,,0.98,,,0,,,0,
4405,Experiment Group,,,practice_bad,practice_bad,,0.12,,,0,,,0,
4405,Experiment Group,,25,,,short,0.2,ç¾Žå®¹å¸ˆæƒ³çŸ¥é“æˆ¿ä¸œä¸ºä»€ä¹ˆæƒ³è¥å…»å¸ˆå“å”¬äº†å¿«é¤åº—å‘˜ã€‚,125051,1,æƒ³,adj,,
4405,Experiment Group,,,,,,0.98,äº¤è­¦åœ¨é©¬è·¯è¾¹æé†’è¡Œäººè¦æ³¨æ„å®‰å…¨ã€‚,900029,2,,,,
4405,Experiment Group,,,,,,0.98,è£…ä¿®å¸ˆå‚…ä¸æƒ³è§åˆ°åƒäº†æ±‰å ¡çš„å°å¥³å­©ã€‚,900024,3,,,,
4405,Experiment Group,,,,,,0.08,æ‹Žç€è¢‹å­çš„å°å­¦ç”Ÿèµµå…ˆç”Ÿå‘äººæ‰“å¬è®¸åŽ‚é•¿è§åˆ°äº†ä¸ºä»€ä¹ˆ,900007,4,,,,
4405,Experiment Group,,9,,,short,0.95,å°†å†›æƒ³çŸ¥é“è°è¯´å£«å…µè·Ÿè¸ªäº†æ€»ç»Ÿã€‚,209011,5,è¯´,arg,,
4405,Experiment Group,,,,,,0.62,æˆ´ç€çœ¼é•œçš„åšå£«ç”Ÿéƒ‘ç§‘é•¿æƒ³è¦æ‰“å¬è´¹å”å”çœ‹åˆ°äº†ä¸ºä»€ä¹ˆ,900006,6,,,,
4405,Experiment Group,,7,,,long,0.57,æ‘é•¿æƒ³çŸ¥é“å†œæ°‘è¯´ç”µå·¥æ— è§†äº†è°ã€‚,207012,7,è¯´,arg,,
4405,Experiment Group,,,,,,0.97,é¡¾é—®æ²¡æ³¨æ„åˆ°ç«¯ç€ç›˜å­çš„é˜¿å§¨ã€‚,900023,8,,,,
4405,Experiment Group,,20,,,long,0.83,å”®è´§å‘˜æƒ³çŸ¥é“ä½œæ›²å®¶æƒ³æ‘„å½±å¸ˆæŒ‡è´£äº†è°ã€‚,220052,9,æƒ³,arg,,
4405,Experiment Group,,12,,,short,0.61,åŒ…å·¥å¤´æƒ³çŸ¥é“è°çŒœæ’­éŸ³å‘˜æ‰“ä¼¤äº†ç®—å‘½å…ˆç”Ÿã€‚,212091,10,çŒœ,arg,,
4405,Experiment Group,,,,,,0.98,æ•°å­¦è€å¸ˆæŒ‡å¯¼ä¸­å­¦ç”Ÿä»¬å¦‚ä½•è§£å†³é—®é¢˜ã€‚,900031,11,,,,
4405,Experiment Group,,14,,,short,0.59,è‹±è¯­è€å¸ˆæƒ³çŸ¥é“å·¥ç¨‹å¸ˆä¸ºä»€ä¹ˆè§‰å¾—ä¸­å­¦ç”Ÿä¸¾æŠ¥äº†åº—å‘˜ã€‚,114021,12,è§‰å¾—,adj,,
4405,Experiment Group,,32,,,short,0.86,åŠ©æ‰‹æƒ³çŸ¥é“è°å¸Œæœ›è€å¸ˆå‡ºå–äº†æ°´æ‰‹ã€‚,232031,13,å¸Œæœ›,arg,,
4405,Experiment Group,,,,,,0.84,é˜Ÿå‘˜ä»¬è‡ªå·±çš„ä¼˜åŠ¿å‘éšçž’å¯¹æ‰‹ã€‚,900012,14,,,,
4405,Experiment Group,,24,,,long,0.24,ä»“åº“ç®¡ç†å‘˜æƒ³çŸ¥é“é‡‡è´­å‘˜è¯´æ˜Žä¿é™©ä»£ç†äººæŒ–è‹¦äº†è°ã€‚,224042,15,è¯´æ˜Ž,arg,,
4405,Experiment Group,,16,,,short,0.67,å¤§å­¦ç”Ÿæƒ³çŸ¥é“è°è§‰å¾—éŸ³ä¹è€å¸ˆå¤¸èµžäº†æ­Œæ‰‹ã€‚,216021,16,è§‰å¾—,arg,,
4405,Experiment Group,,,,,,0.34,ç©¿ç€å¤–å¥—çš„è€å¥¶å¥¶å´å¤„é•¿æƒ³çŸ¥é“èµµå…ˆç”Ÿè§åˆ°äº†ä¸ºä»€ä¹ˆ,900005,17,,,,
4405,Experiment Group,,8,,,long,0.31,ä¾¦æŽ¢æƒ³çŸ¥é“å”®è´§å‘˜çŒœé£žè¡Œå‘˜ç¾žè¾±äº†è°ã€‚,208092,18,çŒœ,arg,,
4405,Experiment Group,,,,,,0.77,å­¦ç”Ÿè‡ªå·±çš„é—®é¢˜å‘æå‡ºè€å¸ˆã€‚,900010,19,,,,
4405,Experiment Group,,13,,,short,0.55,æœåŠ¡å‘˜æƒ³çŸ¥é“è°æƒ³æ¼”è¯´å®¶æ¬ºéª—äº†å»ºç­‘å·¥äººã€‚,213051,20,æƒ³,arg,,
4405,Experiment Group,,18,,,long,0.03,èˆ¹é•¿æƒ³çŸ¥é“å»ºç­‘å¸ˆè¯´æ˜Žé£žè¡Œå‘˜ä¸ºä»€ä¹ˆè´£å¤‡äº†ç»æµŽå­¦å®¶ã€‚,118042,21,è¯´æ˜Ž,adj,,
4405,Experiment Group,,,,,,0.99,ä¿å§†æƒ³çŸ¥é“è€çˆ·çˆ·åˆé¥­åˆ°åº•åƒäº†äº›ä»€ä¹ˆã€‚,900032,22,,,,
4405,Experiment Group,,26,,,long,0.66,åˆ¶ç‰‡äººæƒ³çŸ¥é“å¥èº«æ•™ç»ƒè§‰å¾—åŒ–å¦†å¸ˆç›‘è§†äº†è°ã€‚,226022,23,è§‰å¾—,arg,,
4405,Experiment Group,,,,,,0.99,éƒ¨é—¨ç»ç†çš„å¥½æœ‹å‹å‘çˆ¶æ¯å€¾è¯‰äº†è‡ªå·±çš„çƒ¦æ¼ã€‚,900025,24,,,,
4405,Experiment Group,,,,,,0.22,å–ç€è±†æµ†ä¸ºä»€ä¹ˆçš„è€çˆ·çˆ·å‘¨è€æ¿æƒ³å¼„æ˜Žç™½éƒ‘ç§‘é•¿è§åˆ°äº†,900004,25,,,,
4405,Experiment Group,,22,,,short,0.55,é¡¾é—®æƒ³çŸ¥é“è°æ€•ç”Ÿç‰©å­¦å®¶å˜²è®½äº†å“²å­¦å®¶ã€‚,222061,26,æ€•,arg,,
4405,Experiment Group,,,,,,0.99,å†¯é˜¿å§¨çž§è§äº†èƒŒç€ä¹¦åŒ…çš„ä¸­å­¦ç”Ÿã€‚,900017,27,,,,
4405,Experiment Group,,,,,,0.99,å¤–ç§‘åŒ»ç”Ÿé¼“åŠ±ç—…äººå¤šé”»ç‚¼èº«ä½“ã€‚,900027,28,,,,
4405,Experiment Group,,15,,,long,0.57,ä¸»æŒäººæƒ³çŸ¥é“å­¦è€…å–œæ¬¢æ”¿åºœå®˜å‘˜æ‰¹è¯„äº†è°ã€‚,215072,29,å–œæ¬¢,arg,,
4405,Experiment Group,,,,,,0.98,æ‘é•¿ä¸æƒ³è§ä¹°äº†å¡è½¦çš„æ‘æ°‘ã€‚,900022,30,,,,
4405,Experiment Group,,,,,,0.25,æ–‡è‰ºè¯„è®ºå®¶æ€€ç–‘ç¼–è¾‘å¯ä»¥å·æ‡’æ•™æŽˆã€‚,900015,31,,,,
4405,Experiment Group,,,,,,0.98,å¹¿å‘Šå•†é‚€è¯·å®¢æˆ·å‚åŠ åœ¨è¥¿é¤åŽ…ä¸¾åŠžçš„å®´ä¼šã€‚,900028,32,,,,
4405,Experiment Group,,23,,,short,0.31,å›­ä¸æƒ³çŸ¥é“è°è¯´æ˜Žç„Šå·¥è®­æ–¥äº†æ¸…æ´å·¥ã€‚,223041,33,è¯´æ˜Ž,arg,,
4405,Experiment Group,,,,,,0.99,æ ¡é•¿é‡åˆ°äº†æ‰›ç€ç®±å­çš„ç»´ä¿®å‘˜ã€‚,900018,34,,,,
4405,Experiment Group,,11,,,long,0.66,æ”¿å®¢æƒ³çŸ¥é“åŒ»ç”Ÿå¸Œæœ›æŠ¤å£«ä¸ºä»€ä¹ˆæŽ¨å€’äº†ç”·å­©ã€‚,111032,35,å¸Œæœ›,adj,,
4405,Experiment Group,,,,,,0.32,å†œä¸šä¸“å®¶ç›¸ä¿¡å¤©æ–‡å­¦å®¶å¯ä»¥é€€ä¼‘ç‰©ç†å­¦å®¶ã€‚,900016,36,,,,
4405,Experiment Group,,10,,,long,0.63,å¯¼æ¸¸æƒ³çŸ¥é“å¤–å›½äººå¸Œæœ›ä¿å®‰è¢­å‡»äº†è°ã€‚,210032,37,å¸Œæœ›,arg,,
4405,Experiment Group,,29,,,short,0.16,ç¼–è¾‘æƒ³çŸ¥é“æ³•åŠ¡é¡¾é—®ä¸ºä»€ä¹ˆè¯´æ‚æŠ€æ¼”å‘˜æŠšå…»äº†å°å¥³å­©ã€‚,129011,38,è¯´,adj,,
4405,Experiment Group,,,,,,0.99,é­è€å¸ˆçœ‹åˆ°äº†çœ‹äº†æŠ¥å‘Šçš„ç ”ç©¶ç”Ÿã€‚,900019,39,,,,
4405,Experiment Group,,,,,,0.92,åŸºé‡‘ç®¡ç†å‘˜æœŸå¾…é¡¾å®¢å¯ä»¥æˆåŠŸåŽ†å²å­¦å®¶ã€‚,900013,40,,,,
4405,Experiment Group,,4,,,long,0.72,æ•™æŽˆæƒ³çŸ¥é“å·¥ç¨‹å¸ˆæ€•ç§˜ä¹¦æ‰¹è¯„äº†è°ã€‚,204062,41,æ€•,arg,,
4405,Experiment Group,,,,,,0.27,ç«¯ç€å‡‰çš®ä¸ºä»€ä¹ˆçš„å°ä¼™å­å­™å¸‚é•¿å‘äººæ‰“å¬éŸ©æ‘é•¿çœ‹åˆ°äº†,900002,42,,,,
4405,Experiment Group,,19,,,short,0.37,ç»ç†æƒ³çŸ¥é“é“å£«ä¸ºä»€ä¹ˆæ€•å’Œå°šå¤¸å¥–äº†ä¹žä¸ã€‚,119061,43,æ€•,adj,,
4405,Experiment Group,,,,,,0.8,èƒŒç€ä¹¦åŒ…çš„ä¸­å­¦ç”Ÿå†¯é˜¿å§¨æƒ³äº†è§£è’‹éƒ¨é•¿çž§è§äº†ä¸ºä»€ä¹ˆ,900008,44,,,,
4405,Experiment Group,,30,,,short,0.69,èˆžè¹ˆè€å¸ˆæƒ³çŸ¥é“å®žä¹ ç”Ÿä¸ºä»€ä¹ˆå¸Œæœ›æ­Œæ‰‹èµžç¾Žäº†å‰§ä½œå®¶ã€‚,130031,45,å¸Œæœ›,adj,,
4405,Experiment Group,,,,,,0.99,æ•™æŽˆè®¤è¯†ä¿®äº†æ¡Œå­çš„å·¥äººã€‚,900020,46,,,,
4405,Experiment Group,,27,,,short,0.76,æ³•åŒ»æƒ³çŸ¥é“ä¸šåŠ¡å‘˜ä¸ºä»€ä¹ˆè¯´æ˜Žç½ªçŠ¯è°‹å®³äº†ç¨‹åºå‘˜ã€‚,127041,47,è¯´æ˜Ž,adj,,
4405,Experiment Group,,,,,,0.94,é¢†å¯¼è‡ªå·±çš„çƒ¦æ¼å‘å€¾è¯‰æœ‹å‹ã€‚,900009,48,,,,
4405,Experiment Group,,1,,,long,0.96,è€å¸ˆæƒ³çŸ¥é“å­¦ç”Ÿè§‰å¾—ä¿®ç†å·¥ä¸ºä»€ä¹ˆæ‰“äº†å¿«é€’å‘˜ã€‚,101022,49,è§‰å¾—,adj,,
4405,Experiment Group,,2,,,short,0.82,æ³•å®˜æƒ³çŸ¥é“è°å–œæ¬¢è­¦å¯Ÿå®¡é—®äº†å­¦ç”Ÿã€‚,202071,50,å–œæ¬¢,arg,,
4405,Experiment Group,,,,,,0.95,åŠ©ç†è‡ªå·±çš„ç¼ºç‚¹å‘æŒ‡å‡ºç»ç†ã€‚,900011,51,,,,
4405,Experiment Group,,,,,,0.98,è¿åŠ¨å‘˜çš„å§å§å‘è€å¸ˆè¯·æ•™äº†ä¸€ä¸ªé—®é¢˜ã€‚,900026,52,,,,
4405,Experiment Group,,28,,,long,0.8,ä¸žç›¸æƒ³çŸ¥é“çš‡ä¸Šè¯´å°†å†›ä¸ºä»€ä¹ˆå¨èƒäº†å¤§è‡£ã€‚,128012,53,è¯´,adj,,
4405,Experiment Group,,31,,,long,0.69,å¿ƒç†å­¦å®¶æƒ³çŸ¥é“å¤§å­¦ç”ŸçŒœä¿å§†ä¸ºä»€ä¹ˆè®¨å¥½äº†ç†å‘å¸ˆã€‚,131092,54,çŒœ,adj,,
4405,Experiment Group,,,,,,0.99,æ•™å¯¼ä¸»ä»»é¼“åŠ±å­¦ç”Ÿä»¬è¿½æ±‚è‡ªå·±çš„æ¢¦æƒ³ã€‚,900030,55,,,,
4405,Experiment Group,,3,,,long,0.82,ç»ç†æƒ³çŸ¥é“åŽ¨å¸ˆæƒ³æœåŠ¡å‘˜ä¸ºä»€ä¹ˆæŽ¥å¾…äº†ä¹žä¸ã€‚,103052,56,æƒ³,adj,,
4405,Experiment Group,,6,,,short,0.53,æ£€å¯Ÿå®˜æƒ³çŸ¥é“æ•™ç»ƒå‘˜ä¸ºä»€ä¹ˆå–œæ¬¢éŸ³ä¹å®¶å¼€é™¤äº†ä¿é•–ã€‚,106071,57,å–œæ¬¢,adj,,
4405,Experiment Group,,,,,,0.32,æ‹¿ç€çƒ¤è‚ ä¸ºä»€ä¹ˆçš„å°å§‘å¨˜æŽç»ç†æƒ³è¦æ‰“å¬é™ˆæ ¡é•¿è§åˆ°äº†,900003,58,,,,
4405,Experiment Group,,,,,,0.98,éƒ¨é•¿æ²¡è§è¿‡åƒäº†åŒ…å­çš„å¤§å­¦ç”Ÿã€‚,900021,59,,,,
4405,Experiment Group,,21,,,long,0.19,çœé•¿æƒ³çŸ¥é“è¯å‰‚å¸ˆå–œæ¬¢å°æŠ¥è®°è€…ä¸ºä»€ä¹ˆé‡‡è®¿äº†ç¨ŽåŠ¡å‘˜ã€‚,121072,60,å–œæ¬¢,adj,,
4405,Experiment Group,,17,,,short,0,ä¼šè®¡æƒ³çŸ¥é“æ¼”å‘˜ä¸ºä»€ä¹ˆçŒœç¼–è¾‘é‚€è¯·äº†ç¥žçˆ¶ã€‚,117091,61,çŒœ,adj,,
4405,Experiment Group,,,,,,0.1,ä¹°äº†æ²¹æ¡ä¸ºä»€ä¹ˆçš„å°ç”·å­©åˆ˜åŠ©ç†å¸Œæœ›çŸ¥é“é©¬ç§˜ä¹¦çž§è§äº†,900001,62,,,,
4405,Experiment Group,,,,,,0.56,å›½å®¶é¢†å¯¼äººæ‰¹å‡†å¹²éƒ¨å¯ä»¥ç¦»èŒç¿»è¯‘å®˜ã€‚,900014,63,,,,
4405,Experiment Group,,5,,,long,0.24,å¸‚é•¿æƒ³çŸ¥é“è®®å‘˜æ€•è‰ºæœ¯å®¶ä¸ºä»€ä¹ˆè”ç³»äº†æ¯’æž­ã€‚,105062,64,æ€•,adj,,
